TIMESTAMP,ROUND,N_RX,N_ERR_PKTS,ERRS,SLOTS
2023-09-09 22:34:00.491549,2,5,4,{34:1;59:1;249:1;251:1;252:1;287:1;404:1;473:1;480:1;507:1;695:1;704:1;718:1;728:1;835:1;883:1;884:1;889:1;890:1;902:1;912:1;916:1;1097:1;1118:1;1125:1;1160:1;1172:1;1321:1;1324:1;1339:1;1347:1;1557:1;1568:1;1571:1;1594:1;1595:1;1603:1;1604:1;1609:1;1742:1;1760:1;1793:1;1801:1;1805:1;1937:1;1950:1;1968:1;1971:1;1984:1;2005:1;},RTTTTT
2023-09-09 22:34:01.493326,3,3,2,{},CCRTTT
2023-09-09 22:34:02.492350,4,1,0,{},RTTTTT
2023-09-09 22:34:03.492873,5,1,0,{},RTTTTT
2023-09-09 22:34:04.493442,6,1,0,{},RTTTTT
2023-09-09 22:34:05.493442,7,1,0,{},RTTTTT
2023-09-09 22:34:06.493398,8,1,0,{},RTTTTT
2023-09-09 22:34:07.494527,9,1,0,{},RTTTTT
2023-09-09 22:34:08.493237,10,6,6,{19:1;24:1;56:1;72:1;73:1;86:1;87:1;210:1;232:1;245:1;270:1;297:1;438:1;442:1;449:1;471:1;481:1;485:1;511:1;572:1;615:1;627:1;641:1;654:1;662:1;822:1;826:1;830:1;837:1;842:1;852:1;881:1;886:1;891:1;1015:1;1038:1;1043:1;1061:1;1062:1;1063:1;1069:1;1077:1;1080:1;1081:1;1095:1;1107:1;1108:1;1147:1;1215:1;1216:1;1224:1;1254:1;1272:1;1281:1;1319:1;1328:1;1329:1;1423:1;1425:1;1434:1;1465:1;1473:1;1486:1;1488:1;1509:1;1535:1;1566:1;1596:1;1616:1;1630:1;1634:1;1635:1;1639:1;1712:2;1726:1;1727:1;1821:1;1831:1;1835:1;1839:1;1844:1;1847:1;1854:1;1865:1;1866:1;1898:1;2017:1;2031:1;},CCCCCC
2023-09-09 22:34:09.492193,11,1,0,{},RTTTTT
2023-09-09 22:34:10.492675,12,1,0,{},RTTTTT
2023-09-09 22:34:11.492956,13,1,0,{},RTTTTT
2023-09-09 22:34:12.493553,14,1,0,{},RTTTTT
2023-09-09 22:34:13.493281,15,1,0,{},RTTTTT
2023-09-09 22:34:14.493625,16,1,0,{},RTTTTT
2023-09-09 22:34:15.493152,17,1,0,{},RTTTTT
2023-09-09 22:34:16.493998,18,1,0,{},RTTTTT
2023-09-09 22:34:17.493179,19,1,0,{},RTTTTT
2023-09-09 22:34:18.492726,20,1,0,{},RTTTTT
2023-09-09 22:34:19.492821,21,1,0,{},RTTTTT
2023-09-09 22:34:20.492867,22,1,0,{},RTTTTT
2023-09-09 22:34:21.492399,23,1,0,{},RTTTTT
2023-09-09 22:34:22.492702,24,4,4,{46:1;47:1;117:1;171:1;272:1;323:1;345:1;373:1;382:1;394:1;404:1;557:1;577:1;587:1;593:1;596:1;620:1;744:1;793:1;805:1;831:1;874:1;1011:1;1030:1;1040:1;1053:1;1054:1;1055:1;1061:1;1062:1;1197:1;1260:1;1279:1;1285:1;1287:1;1290:1;1296:1;1297:1;1498:1;1502:1;1520:1;1523:1;1713:1;1742:1;1744:1;1759:1;1772:1;1775:1;1929:1;1957:2;1965:1;},HHCCCC
2023-09-09 22:34:23.492576,25,1,0,{},RTTTTT
2023-09-09 22:34:24.491325,26,1,0,{},RTTTTT
2023-09-09 22:34:25.493903,27,6,6,{50:1;61:1;66:1;76:1;81:1;83:1;86:1;99:1;100:1;112:1;114:1;123:1;189:1;190:1;308:1;310:1;323:2;328:1;332:1;333:1;350:1;354:1;360:1;366:1;378:1;380:1;381:1;394:1;466:1;487:1;490:1;494:1;522:1;529:1;545:1;552:1;564:1;565:1;582:1;585:1;588:1;594:1;607:1;611:1;614:1;623:1;624:1;686:1;753:2;771:1;772:1;773:1;779:1;787:1;788:1;791:1;806:1;813:1;814:1;822:1;828:1;832:1;838:1;846:1;847:1;855:1;857:1;975:1;1001:1;1012:1;1018:1;1019:1;1023:1;1030:1;1035:1;1037:1;1040:1;1045:1;1046:1;1048:1;1058:1;1059:1;1072:2;1073:2;1074:1;1084:1;1093:1;1103:1;1130:1;1161:1;1184:1;1190:1;1206:1;1208:1;1216:1;1221:1;1224:1;1230:1;1231:1;1246:1;1258:1;1274:1;1278:1;1279:1;1281:1;1314:1;1315:1;1319:1;1323:1;1379:1;1413:1;1496:1;1497:1;1499:1;1505:1;1512:1;1513:1;1516:1;1527:1;1532:1;1533:1;1539:1;1549:1;1560:1;1562:1;1564:1;1568:1;1569:1;1580:1;1589:1;1649:1;1671:1;1696:1;1721:1;1725:1;1732:1;1737:1;1747:1;1753:1;1758:1;1759:1;1762:1;1763:1;1776:1;1782:1;1788:1;1793:1;1802:1;1815:1;1936:1;1946:1;1952:1;1955:1;1961:1;1970:1;1980:1;1987:1;1994:1;1997:1;2001:1;2008:1;2022:1;2035:1;},CCCCCC
2023-09-09 22:34:26.493821,28,1,0,{},RTTTTT
2023-09-09 22:34:27.492650,29,1,0,{},RTTTTT
2023-09-09 22:34:28.493008,30,1,0,{},RTTTTT
2023-09-09 22:34:29.492556,31,1,0,{},RTTTTT
2023-09-09 22:34:30.492578,32,1,0,{},RTTTTT
2023-09-09 22:34:31.493134,33,1,0,{},RTTTTT
2023-09-09 22:34:32.492756,34,1,0,{},RTTTTT
2023-09-09 22:34:33.493789,35,6,6,{47:1;63:1;75:1;96:1;111:1;348:1;388:1;529:1;537:1;554:1;622:1;676:1;750:1;758:1;776:1;930:1;967:1;968:1;1023:1;1069:1;1196:1;1201:1;1272:1;1427:1;1428:1;1429:1;1558:1;1699:1;1730:1;1731:1;1734:1;1757:1;1888:1;1942:1;1997:1;},CCCCCC
2023-09-09 22:34:34.492414,36,1,0,{},RTTTTT
2023-09-09 22:34:35.492937,37,1,0,{},RTTTTT
2023-09-09 22:34:36.493068,38,1,0,{},RTTTTT
2023-09-09 22:34:37.492769,39,1,0,{},RTTTTT
2023-09-09 22:34:38.493265,40,3,2,{67:1;344:1;381:1;601:1;618:1;853:1;1093:1;1816:1;2033:1;},CCRTTT
2023-09-09 22:34:39.492223,41,1,0,{},RTTTTT
2023-09-09 22:34:40.493369,42,1,0,{},RTTTTT
2023-09-09 22:34:41.493295,43,1,0,{},RTTTTT
2023-09-09 22:34:42.493028,44,1,0,{},RTTTTT
2023-09-09 22:34:43.492978,45,1,0,{},RTTTTT
2023-09-09 22:34:44.494081,46,1,0,{},RTTTTT
2023-09-09 22:34:45.494384,47,6,6,{9:1;28:1;59:1;110:1;149:1;159:1;166:1;190:1;209:1;223:1;340:1;378:1;390:1;461:1;468:1;469:1;470:1;487:1;549:1;572:1;579:1;622:1;638:1;645:1;652:1;691:1;697:1;700:1;729:1;808:1;817:1;821:1;823:1;830:1;835:1;840:1;843:1;844:1;845:1;855:1;859:1;860:1;864:2;871:1;877:1;881:1;886:1;897:1;898:1;901:1;904:1;906:1;907:1;913:1;918:1;969:1;993:1;1013:1;1040:1;1041:1;1075:1;1119:1;1123:1;1141:1;1146:1;1153:1;1172:1;1198:1;1222:1;1223:1;1305:1;1308:1;1353:1;1359:1;1360:1;1376:1;1380:1;1416:1;1467:1;1545:1;1576:1;1594:1;1595:1;1602:1;1608:1;1615:1;1624:1;1634:1;1642:1;1778:1;1815:1;1842:1;1845:1;1854:1;1861:1;1862:1;1863:1;1871:1;1900:1;2021:1;},CCCCCC
2023-09-09 22:34:46.492785,48,1,0,{},RTTTTT
2023-09-09 22:34:47.492657,49,1,0,{},RTTTTT
2023-09-09 22:34:48.493609,50,1,0,{},RTTTTT
2023-09-09 22:34:49.494249,51,1,0,{},RTTTTT
2023-09-09 22:34:50.493019,52,1,0,{},RTTTTT
2023-09-09 22:34:51.493554,53,6,6,{47:2;57:1;83:1;94:1;97:1;125:1;152:1;174:1;301:1;312:2;316:1;325:1;329:1;330:1;331:1;352:1;359:1;362:1;374:2;385:1;541:1;550:1;562:1;563:1;573:1;584:1;585:1;595:2;629:1;636:1;789:1;795:2;822:1;823:1;829:1;836:1;854:1;855:1;858:1;868:1;891:1;896:1;897:1;1047:1;1057:1;1063:1;1069:1;1075:1;1102:1;1126:1;1146:1;1282:1;1288:1;1292:1;1293:1;1294:1;1299:1;1308:1;1324:1;1332:1;1340:1;1342:1;1351:1;1362:1;1363:1;1364:1;1365:1;1369:1;1371:1;1378:1;1416:1;1421:1;1424:1;1425:1;1431:1;1529:1;1532:1;1537:1;1542:1;1547:1;1560:1;1565:1;1574:1;1578:1;1581:1;1599:1;1603:1;1613:1;1618:1;1629:1;1645:1;1767:1;1779:1;1782:1;1783:1;1785:1;1790:2;1796:1;1801:1;1814:1;1823:1;1834:1;1837:1;1849:1;1856:1;2012:1;2027:1;},CCCCCC
2023-09-09 22:34:52.492217,54,1,0,{},RTTTTT
2023-09-09 22:34:53.493721,55,1,0,{},RTTTTT
2023-09-09 22:34:54.493355,56,1,0,{},RTTTTT
2023-09-09 22:34:55.493089,57,1,0,{},RTTTTT
2023-09-09 22:34:56.493352,58,1,0,{},RTTTTT
2023-09-09 22:34:57.493620,59,1,0,{},RTTTTT
2023-09-09 22:34:58.493070,60,1,0,{},RTTTTT
2023-09-09 22:34:59.493413,61,1,0,{},RTTTTT
2023-09-09 22:35:00.492998,62,6,6,{65:1;69:1;76:1;83:1;86:1;87:1;109:2;115:2;123:1;136:1;273:1;274:1;311:1;316:1;321:1;343:1;345:1;349:2;378:1;379:1;390:1;395:1;464:1;544:1;555:1;558:1;559:1;563:1;576:1;581:1;582:1;584:1;596:1;636:1;646:1;654:1;810:1;815:1;822:1;825:1;829:2;836:1;864:1;911:1;916:1;924:1;946:1;971:1;1032:1;1056:1;1066:1;1086:1;1103:1;1108:1;1116:1;1122:1;1263:1;1305:1;1311:1;1319:1;1348:1;1357:1;1364:1;1365:1;1380:1;1387:1;1390:1;1395:1;1398:1;1408:1;1462:1;1536:1;1537:1;1547:1;1551:1;1562:1;1565:1;1566:1;1573:1;1576:1;1584:1;1604:1;1609:1;1610:1;1617:1;1779:1;1810:1;1814:1;1825:1;1849:1;1850:1;1866:1;1974:1;1985:1;1986:1;2024:1;2032:1;2034:1;},CCCCCC
2023-09-09 22:35:01.492707,63,1,0,{},RTTTTT
2023-09-09 22:35:02.492937,64,1,0,{},RTTTTT
2023-09-09 22:35:03.492397,65,1,0,{},RTTTTT
2023-09-09 22:35:04.493113,66,6,6,{11:1;17:1;24:1;25:1;32:1;51:1;53:1;113:1;114:1;168:1;178:1;200:1;201:1;202:1;205:1;209:1;210:1;215:1;351:1;490:1;596:1;844:1;847:1;854:1;908:1;930:1;1003:1;1064:1;1265:1;1332:1;1340:1;1346:1;1527:1;1584:1;1585:1;1586:1;1591:1;1636:1;1725:1;1737:1;1768:1;1769:1;1770:1;},CCCCCC
2023-09-09 22:35:05.493231,67,6,6,{68:1;78:1;127:1;165:1;328:1;329:1;333:1;334:2;335:1;336:1;343:1;355:1;363:1;423:1;520:1;521:1;535:1;536:1;551:1;552:1;563:1;569:1;581:1;637:1;640:1;641:1;642:1;643:1;680:1;806:1;808:1;809:1;866:1;883:1;884:1;886:1;889:1;890:1;1046:1;1050:2;1051:1;1057:1;1060:1;1069:1;1086:1;1095:2;1121:1;1158:1;1159:1;1272:1;1287:1;1312:1;1327:1;1361:1;1376:1;1390:1;1391:1;1432:1;1563:1;1593:2;1654:1;1711:1;1730:1;1741:1;1750:1;1755:1;1784:1;1787:1;1816:1;1817:1;1818:1;1830:1;1885:1;1886:1;1966:1;2004:1;2005:1;2006:1;},CCCCCC
2023-09-09 22:35:06.494149,68,1,0,{},RTTTTT
2023-09-09 22:35:07.493850,69,1,0,{},RTTTTT
2023-09-09 22:35:08.493644,70,1,0,{},RTTTTT
2023-09-09 22:35:09.492679,71,1,0,{},RTTTTT
2023-09-09 22:35:10.494116,72,1,0,{},RTTTTT
2023-09-09 22:35:11.492412,73,1,0,{},RTTTTT
2023-09-09 22:35:12.493555,74,1,0,{},RTTTTT
2023-09-09 22:35:13.494468,75,1,0,{},RTTTTT
2023-09-09 22:35:14.494530,76,4,3,{23:1;57:1;76:1;77:1;147:1;201:1;244:1;245:1;444:1;534:1;560:1;641:1;1924:1;},CCCRTT
2023-09-09 22:35:15.492550,77,1,0,{},RTTTTT
2023-09-09 22:35:16.492918,78,1,0,{},RTTTTT
2023-09-09 22:35:17.492028,79,1,0,{},RTTTTT
2023-09-09 22:35:18.492847,80,1,0,{},RTTTTT
2023-09-09 22:35:19.491865,81,1,0,{},RTTTTT
2023-09-09 22:35:20.492675,82,1,0,{},RTTTTT
2023-09-09 22:35:21.495318,83,6,6,{120:1;180:1;181:1;302:1;328:1;423:1;455:1;482:1;725:1;869:1;987:1;1186:1;1244:1;1400:1;1470:1;1676:1;1714:1;1805:1;1806:1;1959:1;},CCCCCC
2023-09-09 22:35:22.493936,84,1,0,{},RTTTTT
2023-09-09 22:35:23.493151,85,1,0,{},RTTTTT
2023-09-09 22:35:24.493181,86,1,0,{},RTTTTT
2023-09-09 22:35:25.493399,87,1,0,{},RTTTTT
2023-09-09 22:35:26.494099,88,1,0,{},RTTTTT
2023-09-09 22:35:27.493262,89,1,0,{},RTTTTT
2023-09-09 22:35:28.492049,90,1,0,{},RTTTTT
2023-09-09 22:35:29.493589,91,1,0,{},RTTTTT
2023-09-09 22:35:30.492245,92,1,0,{},RTTTTT
2023-09-09 22:35:31.492607,93,1,0,{},RTTTTT
2023-09-09 22:35:32.491920,94,1,0,{},RTTTTT
2023-09-09 22:35:33.492305,95,1,0,{},RTTTTT
2023-09-09 22:35:34.492013,96,1,0,{},RTTTTT
2023-09-09 22:35:35.492281,97,1,0,{},RTTTTT
2023-09-09 22:35:36.493203,98,5,4,{109:1;331:1;430:1;587:1;598:1;610:1;620:1;647:1;678:1;679:1;692:1;707:1;724:1;733:1;760:1;771:1;772:1;784:2;799:1;808:1;826:1;853:1;861:1;870:1;884:1;1080:1;1153:1;1194:1;1207:1;1251:1;1252:1;1253:1;1336:1;1413:1;1623:1;1636:1;1732:1;1733:1;1813:1;1886:1;1887:1;1895:1;2034:1;2035:1;},CCCCRT
2023-09-09 22:35:37.493763,99,6,6,{28:1;29:1;30:3;40:1;41:2;42:1;50:2;56:2;57:1;65:1;73:2;76:2;77:1;83:1;84:1;90:2;91:1;92:1;94:2;95:1;97:1;98:1;102:2;104:1;105:1;108:1;109:1;110:2;111:1;112:1;123:1;125:1;127:1;138:1;139:1;142:2;151:1;152:1;162:1;164:1;172:1;244:1;256:1;266:2;278:1;279:1;290:1;294:1;296:1;300:1;306:3;308:1;311:1;312:1;313:2;314:1;317:2;321:2;322:1;328:1;329:1;330:3;331:1;334:2;337:1;338:1;342:1;343:1;344:1;345:2;351:2;357:1;360:1;361:1;362:1;363:1;364:1;365:1;376:1;380:1;382:2;384:1;387:1;394:1;396:1;494:1;528:1;529:1;534:1;543:2;549:2;555:2;558:2;561:2;562:1;563:1;564:1;567:2;568:1;570:1;571:1;574:2;575:1;577:1;578:1;579:1;583:2;587:1;592:1;596:2;598:1;599:1;600:1;604:1;605:1;606:1;607:1;609:1;610:1;618:1;622:2;624:1;626:1;630:1;631:1;636:2;740:1;749:1;759:1;772:1;773:2;774:1;776:1;781:1;782:1;784:2;785:1;797:1;798:1;811:2;812:1;815:2;822:2;823:1;826:1;828:1;831:2;833:2;834:1;835:1;836:1;848:1;849:1;850:1;851:1;864:1;865:1;867:1;872:2;877:2;880:1;886:2;888:1;895:1;902:1;903:1;908:1;1016:1;1017:1;1029:1;1038:1;1042:2;1043:2;1044:1;1046:3;1048:1;1049:2;1050:1;1053:1;1057:2;1060:1;1064:1;1068:1;1070:2;1071:1;1072:1;1077:1;1078:2;1079:2;1080:1;1081:1;1093:2;1114:1;1120:1;1121:1;1122:1;1134:1;1138:1;1185:1;1266:1;1272:1;1273:1;1287:1;1291:1;1295:1;1297:2;1303:1;1305:2;1306:1;1307:1;1308:2;1309:1;1316:2;1317:1;1323:1;1325:1;1336:1;1338:1;1339:1;1348:1;1349:1;1353:1;1368:2;1376:1;1379:1;1380:1;1521:1;1526:1;1528:1;1545:2;1546:1;1547:1;1548:1;1549:1;1550:3;1554:1;1555:1;1562:2;1563:1;1567:1;1569:2;1581:1;1582:1;1583:2;1590:1;1591:1;1602:2;1605:1;1606:1;1624:1;1626:1;1627:1;1628:1;1644:1;1645:1;1647:1;1770:1;1780:1;1784:1;1787:2;1792:1;1797:1;1798:1;1799:1;1803:1;1804:1;1805:2;1806:1;1811:2;1812:1;1813:1;1817:2;1818:1;1820:1;1824:1;1825:1;1826:2;1827:1;1828:1;1832:1;1835:1;1842:1;1843:1;1845:1;1846:1;1847:2;1856:1;1863:1;1875:1;1882:1;1987:1;1993:1;2014:1;2018:2;2019:1;2020:1;2021:1;2023:1;2034:1;2039:1;},CCCCCC
2023-09-09 22:35:38.492467,100,1,0,{},RTTTTT
2023-09-09 22:35:39.492646,101,1,0,{},RTTTTT
2023-09-09 22:35:40.492354,102,1,0,{},RTTTTT
2023-09-09 22:35:41.492753,103,6,6,{66:1;67:1;72:1;94:1;127:1;189:1;190:1;313:1;318:1;322:1;324:1;326:1;330:1;334:1;335:1;337:1;338:1;345:1;351:1;369:2;378:1;391:1;522:1;554:1;597:1;598:1;599:1;620:1;624:1;632:1;646:1;647:1;651:1;652:1;653:1;789:1;794:1;795:1;827:1;831:1;842:1;844:1;845:1;846:1;847:1;849:1;869:1;997:1;1030:1;1039:1;1048:1;1049:1;1053:1;1054:1;1061:1;1062:1;1066:1;1067:1;1070:1;1092:1;1093:1;1096:1;1101:1;1107:1;1144:1;1233:1;1282:1;1305:1;1320:1;1321:1;1322:1;1327:3;1335:1;1342:1;1343:1;1424:1;1439:1;1496:1;1511:1;1535:1;1545:1;1546:1;1547:1;1563:1;1572:1;1586:2;1603:1;1604:1;1612:1;1613:1;1614:1;1652:1;1757:1;1758:1;1783:1;1792:1;1793:2;1806:1;1807:1;1821:1;1826:1;1827:1;1829:1;1848:1;1861:1;1862:1;1877:1;1979:1;1986:1;2036:1;},CCCCCC
2023-09-09 22:35:42.493002,104,1,0,{},RTTTTT
2023-09-09 22:35:43.493485,105,5,5,{48:1;49:1;56:1;57:1;91:1;104:1;106:1;107:1;116:1;120:1;121:1;124:1;126:2;130:1;133:1;135:1;153:1;155:1;163:1;177:1;284:1;324:1;337:1;345:1;348:1;349:1;368:1;377:2;380:1;579:1;587:1;593:2;594:2;595:1;601:1;609:1;619:1;620:1;629:1;637:1;639:1;641:1;778:1;808:1;833:1;849:1;874:1;880:1;948:1;1013:1;1096:1;1109:1;1112:1;1113:1;1127:1;1128:1;1139:1;1143:1;1154:1;1184:1;1320:1;1321:1;1344:1;1356:1;1363:1;1364:1;1403:1;1416:1;1419:1;1546:1;1580:1;1581:1;1582:1;1589:1;1607:1;1615:1;1624:1;1627:1;1632:1;1635:1;1646:1;1724:1;1779:1;1817:1;1818:1;1833:1;1840:1;1849:1;1855:1;1856:1;1864:1;1865:1;1866:1;},CCHCCC
2023-09-09 22:35:44.491209,106,1,0,{},RTTTTT
2023-09-09 22:35:45.491106,107,1,0,{},RTTTTT
2023-09-09 22:35:46.491108,108,1,0,{},RTTTTT
2023-09-09 22:35:47.491849,109,1,0,{},RTTTTT
2023-09-09 22:35:48.491177,110,1,0,{},RTTTTT
2023-09-09 22:35:49.492848,111,1,0,{},RTTTTT
2023-09-09 22:35:50.492642,112,6,6,{25:1;34:1;42:1;50:1;51:1;61:1;62:1;65:1;74:1;88:1;94:1;108:1;146:1;147:1;152:1;153:1;160:1;161:1;167:1;178:1;296:1;299:1;300:1;301:1;308:1;311:1;330:1;331:1;332:1;334:1;338:1;358:1;372:1;373:1;374:1;375:1;395:1;402:1;419:1;532:1;554:1;574:1;575:1;583:1;597:1;601:1;612:1;613:1;620:1;621:1;633:1;641:1;642:1;667:1;668:1;682:1;692:1;693:1;694:1;730:1;745:1;753:1;759:1;770:1;771:1;781:1;785:1;786:1;792:1;793:1;795:1;798:1;800:1;801:1;810:1;811:1;812:1;816:1;822:1;828:1;829:1;831:1;842:1;848:1;849:1;850:1;863:1;864:1;878:1;880:1;881:1;883:1;885:1;894:1;895:1;989:1;1046:1;1065:1;1066:2;1076:1;1082:1;1083:1;1084:1;1091:1;1092:1;1093:1;1094:1;1112:1;1119:1;1126:1;1127:1;1131:1;1143:1;1241:1;1293:1;1300:1;1327:1;1336:1;1338:1;1339:1;1346:1;1349:1;1350:1;1351:1;1352:1;1353:1;1358:1;1367:1;1373:1;1384:1;1385:1;1392:1;1402:1;1405:1;1406:1;1407:1;1524:1;1558:1;1562:1;1566:1;1574:1;1575:1;1592:1;1593:1;1594:1;1596:1;1597:1;1600:1;1606:1;1607:1;1632:1;1633:1;1634:1;1727:1;1733:1;1784:1;1802:1;1806:1;1812:1;1818:1;1819:1;1825:1;1831:1;1834:1;1835:1;1836:1;1837:1;1838:1;1839:1;1842:1;1844:1;1851:1;1852:1;1853:1;1854:1;1860:1;1861:1;1864:1;1867:1;1870:1;1880:1;1895:1;},CCCCCC
2023-09-09 22:35:51.491432,113,1,0,{},RTTTTT
2023-09-09 22:35:52.491841,114,1,0,{},RTTTTT
2023-09-09 22:35:53.492382,115,6,6,{39:1;81:1;99:1;121:1;141:1;147:1;148:1;149:1;159:1;269:1;280:1;284:1;365:1;366:1;369:1;370:1;379:1;380:1;395:1;422:1;423:1;498:1;499:1;514:1;525:1;526:1;529:1;570:1;598:1;599:1;617:1;618:1;650:1;653:1;654:1;742:1;793:1;851:1;865:1;901:1;948:1;1059:1;1135:1;1264:1;1312:1;1324:1;1337:1;1347:1;1396:1;1408:1;1528:1;1556:1;1590:1;1600:1;1601:1;1612:1;1613:1;1619:1;1620:1;1680:1;1715:1;1768:1;1792:1;1838:1;1839:1;1871:1;1875:1;1912:1;},CCCCCC
2023-09-09 22:35:54.492947,116,1,0,{},RTTTTT
2023-09-09 22:35:55.492871,117,1,0,{},RTTTTT
2023-09-09 22:35:56.492275,118,1,0,{},RTTTTT
2023-09-09 22:35:57.493926,119,1,0,{},RTTTTT
2023-09-09 22:35:58.493045,120,1,0,{},RTTTTT
2023-09-09 22:35:59.494294,121,1,0,{},RTTTTT
2023-09-09 22:36:00.493411,122,1,0,{},RTTTTT
2023-09-09 22:36:01.493124,123,1,0,{},RTTTTT
2023-09-09 22:36:02.493672,124,1,0,{},RTTTTT
2023-09-09 22:36:03.493291,125,1,0,{},RTTTTT
2023-09-09 22:36:04.493762,126,1,0,{},RTTTTT
2023-09-09 22:36:05.492403,127,1,0,{},RTTTTT
2023-09-09 22:36:06.491370,128,5,5,{34:1;43:1;55:1;60:1;83:1;97:1;111:1;112:1;286:1;313:1;318:1;323:1;338:1;339:1;377:1;382:1;383:1;400:1;411:1;491:1;533:1;560:1;564:1;565:1;592:1;614:1;615:1;694:1;716:1;717:1;718:1;762:1;835:1;853:1;925:1;1096:1;1100:1;1112:1;1182:1;1197:1;1264:1;1308:1;1365:2;1368:1;1369:1;1541:1;1544:1;1563:1;1581:1;1605:1;1614:1;1636:1;1793:1;1796:1;1816:1;1817:1;1835:1;1841:1;1853:1;1867:1;1870:1;1911:1;1921:1;1950:1;},HCCCCC
2023-09-09 22:36:07.491436,129,1,0,{},RTTTTT
2023-09-09 22:36:08.491250,130,1,0,{},RTTTTT
2023-09-09 22:36:09.492736,131,1,0,{},RTTTTT
2023-09-09 22:36:10.491272,132,1,0,{},RTTTTT
2023-09-09 22:36:11.493644,133,1,0,{},RTTTTT
2023-09-09 22:36:12.491946,134,1,0,{},RTTTTT
2023-09-09 22:36:13.492541,135,1,0,{},RTTTTT
2023-09-09 22:36:14.492595,136,1,0,{},RTTTTT
2023-09-09 22:36:15.491603,137,1,0,{},RTTTTT
2023-09-09 22:36:16.493332,138,1,0,{},RTTTTT
2023-09-09 22:36:17.491777,139,1,0,{},RTTTTT
2023-09-09 22:36:18.492789,140,6,6,{56:1;69:1;74:2;75:1;81:1;82:1;84:1;98:1;111:1;125:1;126:1;127:1;128:1;129:2;132:1;133:1;137:1;142:1;143:1;150:2;158:1;161:1;166:1;167:1;169:1;172:1;174:2;177:1;188:1;189:1;198:1;205:1;212:1;214:1;215:1;220:1;221:1;222:1;231:1;270:1;308:1;320:1;326:1;330:2;331:1;333:1;334:1;338:1;346:1;349:1;350:1;354:1;355:1;358:1;362:2;363:1;375:1;376:1;377:1;378:1;382:1;383:1;386:1;387:2;392:1;394:1;399:1;403:2;404:1;406:1;412:1;414:1;415:1;419:1;424:1;430:1;431:1;432:1;433:1;434:1;435:1;436:1;437:1;443:1;444:1;446:1;447:1;480:1;491:1;548:1;552:1;553:1;567:1;592:1;596:2;608:2;610:1;613:1;614:1;615:1;616:1;619:1;620:1;621:1;622:2;623:1;624:1;627:1;631:2;632:1;636:1;638:1;643:1;646:1;649:2;650:1;655:1;658:1;659:1;660:1;662:1;664:1;671:2;672:1;679:1;682:1;687:1;698:1;704:1;708:1;711:1;722:1;726:1;818:1;819:2;820:1;822:1;823:1;828:1;832:1;838:2;840:2;845:2;846:1;847:1;851:2;855:1;858:1;859:1;860:1;861:1;864:1;865:3;866:2;867:1;868:1;869:1;878:1;879:1;881:1;882:1;883:1;885:1;887:1;890:2;894:1;895:1;900:1;902:2;903:1;911:2;913:1;914:1;924:1;925:1;927:1;932:1;934:1;935:1;936:1;940:1;942:1;945:1;951:1;1013:1;1068:1;1069:1;1072:2;1073:1;1082:1;1089:2;1096:2;1097:2;1099:2;1103:1;1105:1;1109:1;1113:1;1115:2;1119:1;1126:1;1127:1;1129:1;1131:1;1132:3;1133:2;1134:2;1135:2;1140:1;1144:1;1145:1;1149:1;1152:1;1155:1;1156:1;1157:1;1158:1;1163:2;1164:1;1172:2;1173:1;1182:1;1186:1;1187:1;1188:1;1189:1;1190:1;1191:1;1195:1;1205:1;1210:1;1211:1;1214:1;1290:1;1291:1;1292:1;1296:1;1301:1;1304:1;1316:1;1324:1;1330:2;1331:1;1332:2;1333:1;1353:1;1354:1;1355:1;1356:2;1357:1;1358:2;1359:1;1360:1;1361:1;1364:1;1366:1;1367:1;1370:1;1372:1;1377:1;1378:2;1379:1;1381:1;1382:1;1386:1;1392:1;1394:1;1395:1;1399:2;1401:2;1402:1;1407:1;1413:1;1414:1;1419:1;1424:1;1431:1;1434:1;1439:1;1442:1;1443:1;1444:1;1454:1;1455:1;1466:1;1468:1;1517:1;1562:2;1566:1;1587:1;1588:1;1591:1;1592:1;1595:2;1598:2;1604:2;1605:1;1611:2;1612:1;1616:1;1617:2;1618:2;1627:1;1631:1;1632:1;1635:1;1638:1;1640:1;1641:1;1642:1;1645:1;1650:1;1653:1;1654:1;1655:1;1656:1;1658:1;1659:1;1662:1;1672:1;1673:1;1678:1;1680:1;1681:1;1690:1;1699:1;1745:1;1813:1;1814:1;1815:1;1821:1;1826:1;1830:1;1831:1;1838:1;1842:2;1850:2;1859:1;1860:1;1861:1;1862:1;1864:1;1867:1;1868:3;1869:2;1872:1;1874:1;1877:1;1878:1;1879:1;1880:1;1884:1;1889:1;1890:1;1891:1;1892:1;1893:1;1898:1;1899:1;1902:1;1903:1;1905:1;1909:1;1910:1;1912:2;1916:1;1917:1;1918:1;1924:1;1942:1;1947:1;1951:1;1953:1;1974:1;},CCCCCC
2023-09-09 22:36:19.492676,141,1,0,{},RTTTTT
2023-09-09 22:36:20.491897,142,1,0,{},RTTTTT
2023-09-09 22:36:21.492169,143,1,0,{},RTTTTT
2023-09-09 22:36:22.492594,144,1,0,{},RTTTTT
2023-09-09 22:36:23.491515,145,1,0,{},RTTTTT
2023-09-09 22:36:24.492890,146,1,0,{},RTTTTT
2023-09-09 22:36:25.492437,147,1,0,{},RTTTTT
2023-09-09 22:36:26.493524,148,1,0,{},RTTTTT
2023-09-09 22:36:27.493776,149,1,0,{},RTTTTT
2023-09-09 22:36:28.493287,150,4,3,{8:1;11:1;13:1;15:1;17:1;19:1;22:1;24:1;26:1;29:1;31:1;34:1;37:1;39:1;44:1;47:1;49:1;53:1;55:1;57:1;59:1;66:1;70:1;72:1;80:1;83:1;85:1;88:1;89:1;93:1;97:1;98:1;101:1;107:1;110:1;113:1;114:1;117:1;118:1;119:1;121:1;123:1;124:1;126:1;128:1;129:1;132:1;135:1;137:1;138:1;140:1;144:1;145:1;148:1;151:1;155:1;156:1;160:1;162:1;164:1;166:1;167:1;168:1;174:1;177:1;178:1;180:1;181:1;183:1;186:1;190:1;191:1;194:1;195:1;196:1;199:1;200:1;209:1;210:1;212:1;215:1;216:1;219:1;222:1;224:1;226:1;230:1;233:1;243:1;247:1;248:1;250:1;251:1;253:1;256:1;258:1;260:1;262:1;265:1;268:1;273:1;276:1;282:1;285:1;288:1;290:1;293:1;299:1;305:1;308:1;310:1;311:1;312:1;318:1;321:1;327:1;328:1;331:1;333:1;336:1;338:1;340:1;345:1;349:1;350:1;354:1;355:1;358:1;361:1;362:1;363:1;366:1;368:1;369:1;371:1;373:1;375:1;377:1;378:1;380:1;384:1;386:1;388:1;389:1;399:1;400:1;401:1;407:1;410:1;413:1;414:1;416:1;418:1;420:1;421:1;424:1;426:1;429:1;430:1;434:1;440:1;441:1;443:1;445:1;450:1;451:1;454:1;460:1;461:1;464:1;468:1;469:1;470:1;472:1;474:1;476:1;479:1;482:1;485:1;488:1;489:1;491:1;497:1;499:1;501:1;506:1;508:1;510:1;511:1;513:1;516:1;519:1;520:1;522:1;524:1;526:1;530:1;538:1;540:1;543:1;545:1;548:1;549:1;554:1;557:1;559:1;563:1;566:1;567:1;569:1;572:1;573:1;575:1;576:1;581:1;585:1;589:1;591:1;594:1;595:1;599:1;602:1;605:1;606:1;612:1;613:1;616:1;620:1;624:1;625:1;626:1;631:1;632:1;635:1;640:1;642:1;644:1;645:1;648:1;652:1;653:1;659:1;660:1;663:1;670:1;671:1;672:1;675:1;678:1;679:1;680:1;681:1;684:1;686:1;688:1;689:1;692:1;693:1;698:1;700:1;702:1;707:1;710:1;711:1;713:1;720:1;724:1;726:1;732:1;737:1;739:1;741:1;744:1;747:1;748:1;749:1;752:1;753:1;756:1;758:1;763:1;766:1;768:1;770:1;772:1;774:1;776:1;782:1;785:1;788:1;789:1;792:1;795:1;803:1;809:1;812:1;813:2;815:1;817:1;818:1;820:1;821:1;824:1;828:1;830:1;835:1;837:1;846:1;850:1;852:1;854:1;858:1;859:1;863:1;865:1;866:1;874:1;876:1;883:1;884:1;886:1;887:1;892:1;897:1;899:1;900:1;907:1;909:1;910:1;911:1;914:1;915:1;917:1;921:1;922:1;924:1;925:1;927:1;928:1;929:1;934:1;936:1;939:1;941:1;945:2;946:1;949:1;954:1;956:1;959:1;960:1;962:1;964:1;966:1;967:1;968:1;969:1;973:1;975:1;977:1;980:1;986:1;987:1;990:1;992:1;993:1;999:1;1000:1;1003:1;1005:1;1011:1;1017:1;1021:1;1023:1;1024:1;1029:1;1032:1;1036:1;1041:1;1043:1;1048:1;1050:1;1053:1;1057:1;1059:1;1061:1;1064:1;1071:1;1074:1;1079:1;1082:1;1083:1;1085:1;1090:1;1094:1;1095:1;1099:1;1101:1;1103:1;1105:1;1107:1;1108:1;1111:1;1113:1;1114:1;1117:1;1118:1;1125:1;1126:1;1134:1;1137:1;1138:1;1142:1;1143:1;1144:1;1146:1;1147:1;1150:1;1151:1;1153:1;1156:1;1157:1;1164:1;1165:1;1166:1;1168:1;1171:1;1175:1;1179:1;1182:1;1183:1;1186:1;1187:1;1189:1;1194:1;1195:1;1198:1;1200:1;1204:1;1205:1;1206:1;1208:1;1210:1;1212:1;1220:1;1227:1;1228:1;1230:1;1233:1;1239:1;1242:1;1245:1;1247:1;1250:1;1252:1;1255:1;1256:1;1258:1;1260:1;1262:1;1264:1;1265:1;1267:1;1270:1;1274:1;1276:1;1280:1;1285:1;1291:1;1294:1;1297:1;1301:1;1303:1;1306:2;1309:1;1310:1;1314:1;1316:1;1319:1;1322:1;1324:1;1325:1;1326:1;1328:1;1330:1;1333:1;1337:1;1340:1;1345:1;1347:1;1348:1;1350:1;1353:1;1354:1;1355:1;1357:1;1359:1;1361:1;1364:1;1366:1;1367:1;1370:1;1372:1;1377:1;1378:1;1380:1;1381:1;1383:1;1387:1;1388:1;1390:1;1391:1;1398:1;1399:1;1401:1;1402:1;1404:1;1407:1;1410:1;1411:1;1412:1;1417:1;1418:1;1421:1;1427:1;1428:1;1434:1;1435:1;1437:1;1441:1;1443:1;1449:1;1450:1;1453:1;1454:1;1457:1;1458:1;1460:1;1463:1;1466:1;1467:1;1469:1;1470:1;1472:1;1475:1;1478:1;1479:1;1481:1;1483:1;1484:1;1486:1;1489:1;1491:1;1493:1;1494:1;1499:1;1503:1;1504:1;1507:1;1512:1;1515:1;1517:1;1518:1;1522:1;1525:1;1528:1;1530:1;1531:1;1534:1;1537:1;1539:1;1546:1;1548:1;1550:1;1554:1;1556:1;1560:1;1561:1;1564:1;1567:1;1568:1;1570:1;1572:1;1576:1;1578:1;1580:1;1582:1;1584:1;1587:1;1589:1;1592:1;1594:1;1597:1;1600:1;1602:1;1607:1;1608:1;1613:1;1614:1;1617:1;1619:1;1620:1;1622:1;1624:1;1626:1;1630:1;1631:1;1632:1;1633:1;1634:1;1636:1;1637:1;1641:1;1642:1;1645:1;1650:1;1651:1;1658:2;1659:1;1663:1;1666:1;1667:1;1669:1;1670:1;1671:1;1674:1;1676:1;1677:1;1680:1;1683:1;1687:1;1691:1;1694:1;1695:1;1699:1;1700:1;1703:1;1707:1;1711:1;1712:1;1715:1;1716:1;1720:1;1722:1;1723:1;1725:1;1727:1;1729:1;1732:1;1733:1;1736:1;1741:1;1742:1;1744:1;1749:1;1752:1;1761:1;1762:1;1769:1;1772:1;1775:1;1776:1;1780:1;1783:1;1786:1;1794:1;1797:1;1802:1;1805:1;1807:1;1808:1;1811:1;1815:1;1816:1;1819:1;1821:1;1823:1;1825:1;1828:1;1830:1;1832:1;1833:1;1837:1;1839:1;1842:1;1846:1;1849:1;1852:1;1854:1;1855:1;1856:1;1857:1;1860:1;1862:1;1864:1;1865:1;1869:1;1871:1;1872:1;1874:1;1875:1;1877:1;1880:1;1882:1;1885:1;1886:1;1888:1;1893:1;1895:1;1897:1;1898:1;1903:1;1905:1;1906:1;1908:1;1910:1;1913:1;1914:1;1917:1;1918:1;1920:1;1924:1;1926:1;1927:1;1929:1;1930:1;1932:1;1933:1;1935:1;1942:1;1943:1;1945:1;1950:1;1952:1;1954:1;1957:1;1959:1;1960:1;1964:1;1966:1;1968:1;1970:1;1971:1;1979:1;1980:1;1982:1;1984:1;1986:1;1988:1;1991:1;1996:1;1997:1;1998:1;2001:1;2003:1;2007:1;2010:1;2012:1;2015:1;2017:1;2019:1;2021:1;2023:1;2024:1;2027:1;2030:1;2032:1;2035:1;2036:1;2038:1;},HCCCRT
2023-09-09 22:36:29.493684,151,1,0,{},RTTTTT
2023-09-09 22:36:30.491488,152,1,0,{},RTTTTT
2023-09-09 22:36:31.492232,153,1,0,{},RTTTTT
2023-09-09 22:36:32.493256,154,1,0,{},RTTTTT
2023-09-09 22:36:33.492449,155,1,0,{},RTTTTT
2023-09-09 22:36:34.492132,156,1,0,{},RTTTTT
2023-09-09 22:36:35.492943,157,1,0,{},RTTTTT
2023-09-09 22:36:36.492272,158,1,0,{},RTTTTT
2023-09-09 22:36:37.491526,159,1,0,{},RTTTTT
2023-09-09 22:36:38.493517,160,6,6,{339:1;380:1;407:1;422:1;423:1;548:1;632:1;648:1;663:1;673:1;875:1;892:1;928:1;1071:1;1099:1;1101:1;1102:1;1113:1;1114:1;1123:1;1124:1;1127:1;1259:1;1317:1;1332:1;1371:1;1372:1;1567:1;1571:1;1640:1;1828:1;1853:1;1930:1;1934:1;1939:1;2004:1;},CCCCCC
2023-09-09 22:36:39.491044,161,1,0,{},RTTTTT
2023-09-09 22:36:40.491452,162,1,0,{},RTTTTT
2023-09-09 22:36:41.491796,163,1,0,{},RTTTTT
2023-09-09 22:36:42.493164,164,1,0,{},RTTTTT
2023-09-09 22:36:43.493213,165,6,6,{16:1;31:1;50:1;65:1;71:1;82:1;91:1;105:1;114:1;124:1;291:1;319:1;344:1;355:1;371:1;432:1;507:1;526:1;527:1;533:1;574:1;582:1;588:1;601:1;614:1;621:1;778:1;787:1;791:1;792:1;799:1;822:1;841:1;872:1;885:1;915:1;924:1;1076:1;1122:1;1288:1;1351:1;1356:1;1445:1;1448:1;1549:1;1562:1;1603:1;1640:1;1665:1;1691:1;1820:1;1856:1;1880:1;1892:1;1899:1;},CCCCCC
2023-09-09 22:36:44.493325,166,6,6,{40:1;44:1;48:1;50:1;58:1;63:1;68:1;72:1;76:1;78:1;81:1;82:1;90:1;92:1;97:1;104:1;109:1;114:1;115:1;116:1;117:1;119:1;123:1;124:1;125:1;126:1;127:1;128:1;130:1;133:1;136:1;137:1;139:1;141:1;148:1;154:1;166:1;167:1;168:1;175:1;207:1;234:1;235:1;270:1;271:1;280:1;290:1;299:1;304:1;312:1;316:1;317:1;318:1;319:1;320:1;323:1;324:1;325:1;326:1;330:1;333:1;338:1;345:1;346:1;347:1;349:1;354:1;355:1;356:1;359:1;361:1;367:1;371:1;372:1;373:1;379:1;380:1;381:2;383:1;387:1;388:1;391:1;396:1;398:1;399:1;407:1;413:1;430:1;440:1;441:1;455:1;490:1;491:1;533:2;552:1;562:1;565:1;568:1;570:1;571:1;576:1;577:1;578:1;581:1;583:1;585:1;586:1;587:1;588:1;591:1;592:1;595:1;600:1;603:1;605:1;606:1;607:1;608:1;610:1;611:1;613:1;614:1;615:1;620:1;621:1;622:1;624:1;627:1;630:1;636:1;637:1;639:1;640:1;643:1;646:1;649:1;658:1;671:1;676:1;677:1;679:1;680:1;681:1;728:1;752:1;767:1;769:1;788:1;795:1;802:1;803:1;804:1;810:1;814:1;816:1;822:1;823:1;825:1;828:1;831:1;846:1;847:1;848:1;849:1;855:1;856:1;858:1;859:1;860:1;862:1;863:1;866:1;867:1;868:1;869:1;870:1;871:1;873:1;877:1;878:1;879:1;881:1;885:1;887:1;888:1;893:1;895:1;898:1;899:2;900:1;902:1;918:1;923:1;940:1;990:1;991:1;1000:1;1006:1;1016:1;1017:1;1029:1;1031:1;1038:1;1048:1;1050:1;1061:1;1062:1;1063:1;1069:1;1070:1;1074:1;1075:1;1079:2;1085:1;1088:1;1091:1;1094:1;1096:1;1098:1;1100:1;1102:1;1104:1;1106:1;1108:1;1109:1;1113:1;1114:2;1115:2;1116:2;1117:1;1121:1;1125:1;1127:1;1128:1;1129:2;1137:1;1141:1;1142:2;1143:1;1145:1;1149:1;1153:1;1154:1;1169:1;1181:1;1224:1;1267:1;1276:1;1278:1;1288:1;1290:1;1291:1;1297:1;1300:1;1303:1;1304:1;1305:1;1308:1;1313:1;1316:1;1317:1;1319:1;1321:1;1322:1;1325:1;1328:1;1329:1;1339:1;1341:1;1343:1;1344:1;1345:1;1346:1;1348:2;1349:1;1352:1;1357:1;1362:1;1363:1;1364:1;1367:1;1368:1;1369:1;1371:1;1375:1;1381:2;1386:1;1391:1;1392:1;1393:1;1394:1;1396:1;1398:1;1401:1;1409:1;1417:1;1420:1;1444:1;1455:1;1508:1;1518:1;1543:1;1553:1;1572:1;1591:1;1593:1;1595:1;1596:2;1597:2;1599:1;1600:1;1601:1;1602:1;1606:1;1611:1;1613:1;1615:1;1617:1;1619:1;1620:1;1622:1;1623:1;1624:1;1626:1;1629:1;1630:1;1631:1;1633:1;1637:1;1638:1;1642:2;1645:1;1646:1;1647:1;1648:1;1649:1;1651:1;1657:1;1668:1;1669:1;1675:2;1679:1;1716:1;1735:1;1780:1;1802:1;1803:1;1811:1;1816:1;1822:1;1832:1;1833:1;1834:1;1836:1;1842:1;1845:1;1846:1;1847:1;1848:1;1849:1;1850:1;1851:1;1852:1;1853:1;1854:1;1856:1;1859:1;1860:1;1861:1;1863:1;1866:1;1869:1;1870:1;1872:1;1873:1;1876:1;1878:1;1883:1;1885:1;1888:1;1889:1;1890:1;1891:1;1898:1;1899:1;1900:1;1905:1;1913:1;1914:1;1919:1;1935:1;1958:2;1962:1;2010:1;2029:1;2030:1;2032:1;},CCCCCC
2023-09-09 22:36:45.490883,167,1,0,{},RTTTTT
2023-09-09 22:36:46.493666,168,1,0,{},RTTTTT
2023-09-09 22:36:47.493280,169,6,6,{28:1;41:1;42:1;43:1;106:1;219:1;371:1;381:1;546:1;561:1;562:1;793:1;823:1;896:1;911:1;1038:1;1111:1;1191:1;1289:1;1349:1;1350:1;1380:1;1584:1;1588:1;1589:2;1590:2;1591:2;1844:1;1859:1;2016:1;},CCCCCC
2023-09-09 22:36:48.491197,170,1,0,{},RTTTTT
2023-09-09 22:36:49.491842,171,1,0,{},RTTTTT
2023-09-09 22:36:50.492264,172,1,0,{},RTTTTT
2023-09-09 22:36:51.492489,173,1,0,{},RTTTTT
2023-09-09 22:36:52.492459,174,1,0,{},RTTTTT
2023-09-09 22:36:53.493836,175,6,6,{170:1;399:1;443:1;444:1;553:1;624:1;849:1;882:1;883:1;918:1;1111:1;1162:1;1341:1;1351:1;1372:1;1403:1;1419:1;1626:1;1869:1;},CCCCCC
2023-09-09 22:36:54.492898,176,1,0,{},RTTTTT
2023-09-09 22:36:55.492964,177,1,0,{},RTTTTT
2023-09-09 22:36:56.492938,178,1,0,{},RTTTTT
2023-09-09 22:36:57.491513,179,1,0,{},RTTTTT
2023-09-09 22:36:58.492211,180,1,0,{},RTTTTT
2023-09-09 22:36:59.491202,181,1,0,{},RTTTTT
2023-09-09 22:37:00.492496,182,5,5,{19:1;44:1;49:1;106:1;107:1;110:1;112:1;124:1;141:1;142:1;143:1;280:1;288:1;312:1;379:1;550:1;566:1;574:1;612:1;632:1;655:1;665:1;754:1;788:1;789:1;794:1;802:1;814:2;822:1;840:1;848:1;886:1;914:1;918:1;931:1;935:1;1000:1;1055:1;1059:1;1088:1;1107:1;1110:1;1120:1;1126:1;1130:1;1139:1;1141:1;1142:1;1164:1;1298:1;1304:1;1309:1;1312:1;1330:1;1407:1;1537:1;1555:1;1559:1;1626:1;1785:1;1790:1;1813:1;1824:1;1825:1;1839:1;1842:1;1846:1;1856:1;1868:2;1873:1;1874:1;1877:1;1946:1;1958:1;},HCCCCC
2023-09-09 22:37:01.490804,183,1,0,{},RTTTTT
2023-09-09 22:37:02.491415,184,1,0,{},RTTTTT
2023-09-09 22:37:03.491348,185,6,6,{32:1;56:1;74:1;78:1;79:2;85:1;86:1;97:1;98:1;99:1;100:1;101:1;109:1;110:1;111:1;112:2;124:1;125:1;126:2;127:2;132:1;138:2;139:2;140:2;147:1;157:1;199:1;303:1;308:1;309:1;319:1;333:1;334:2;335:2;348:1;349:1;350:1;354:1;361:1;370:2;372:1;381:1;382:1;385:1;386:1;393:1;400:1;401:1;420:1;423:1;518:1;554:1;572:1;573:1;576:1;581:1;594:1;625:1;626:1;627:1;628:1;632:1;637:1;652:1;654:1;655:1;663:1;668:1;669:1;687:1;808:1;843:1;844:2;845:1;847:1;848:1;849:1;850:1;851:1;857:1;863:1;874:1;878:2;882:2;885:1;886:1;902:1;903:1;910:1;912:1;913:1;961:1;1048:1;1081:1;1101:1;1102:1;1106:1;1107:1;1108:1;1114:1;1116:1;1117:1;1118:1;1119:2;1120:1;1121:1;1122:1;1123:1;1124:1;1129:1;1134:1;1137:1;1140:1;1148:1;1157:1;1167:1;1204:1;1206:1;1309:1;1332:1;1333:1;1344:1;1345:1;1346:1;1348:1;1350:1;1358:1;1359:1;1361:1;1362:1;1363:1;1383:1;1384:1;1385:1;1388:1;1399:1;1401:1;1411:1;1457:1;1486:1;1563:1;1564:1;1580:2;1586:1;1587:1;1588:1;1614:2;1615:2;1619:1;1620:1;1622:1;1623:1;1629:1;1636:1;1637:1;1638:2;1641:1;1644:2;1647:1;1648:1;1649:1;1651:1;1652:1;1653:1;1654:1;1655:1;1658:1;1659:1;1660:1;1661:1;1666:1;1669:2;1670:1;1675:1;1679:1;1694:1;1723:1;1724:1;1762:1;1763:1;1778:1;1806:1;1807:1;1818:1;1822:1;1823:1;1824:1;1827:1;1828:1;1830:2;1837:1;1845:2;1849:1;1852:1;1854:1;1868:1;1870:1;1878:1;1879:1;1880:1;1885:1;1889:2;1891:1;1898:1;1905:1;1907:1;1911:1;1916:1;1935:1;1957:1;1966:1;2022:1;2024:1;2026:1;2027:1;2039:1;},CCCCCC
2023-09-09 22:37:04.491178,186,1,0,{},RTTTTT
2023-09-09 22:37:05.491840,187,1,0,{},RTTTTT
2023-09-09 22:37:06.492660,188,6,6,{22:1;44:1;47:1;70:1;118:1;125:1;173:1;271:1;275:1;309:1;327:1;347:1;348:1;354:1;369:1;370:1;396:1;406:1;445:1;448:1;463:1;466:1;538:1;572:1;581:1;589:1;590:1;591:1;596:1;597:1;602:1;612:1;620:1;629:1;651:1;653:1;667:1;679:1;680:1;726:1;727:1;745:1;763:1;764:1;789:1;790:1;794:1;812:1;834:1;835:1;848:1;891:1;915:1;951:1;957:1;969:1;982:1;991:1;995:1;1047:1;1049:1;1050:1;1063:1;1106:1;1148:1;1173:1;1289:1;1290:1;1296:1;1320:1;1367:1;1417:1;1561:1;1562:1;1794:1;1827:1;1828:1;1857:1;1879:1;1882:1;1889:2;1890:1;1891:1;1918:1;1926:1;1975:1;},CCCCCC
2023-09-09 22:37:07.491060,189,1,0,{},RTTTTT
2023-09-09 22:37:08.491942,190,1,0,{},RTTTTT
2023-09-09 22:37:09.490823,191,1,0,{},RTTTTT
2023-09-09 22:37:10.492912,192,4,3,{19:1;25:1;50:1;56:1;60:1;64:1;308:1;318:1;327:1;359:1;488:1;489:1;567:1;588:1;619:1;621:1;630:1;633:1;637:1;648:1;650:1;681:1;714:1;757:1;771:1;831:1;1045:1;1053:1;1083:1;1329:1;1571:1;1632:1;1708:1;1787:1;1806:1;1812:1;1816:1;2025:1;},CCCRTT
2023-09-09 22:37:11.491153,193,1,0,{},RTTTTT
2023-09-09 22:37:12.491359,194,1,0,{},RTTTTT
2023-09-09 22:37:13.492000,195,1,0,{},RTTTTT
2023-09-09 22:37:14.490975,196,1,0,{},RTTTTT
2023-09-09 22:37:15.491033,197,1,0,{},RTTTTT
2023-09-09 22:37:16.492336,198,1,0,{},RTTTTT
2023-09-09 22:37:17.491813,199,1,0,{},RTTTTT
2023-09-09 22:37:18.491028,200,1,0,{},RTTTTT
2023-09-09 22:37:19.491371,201,1,0,{},RTTTTT
2023-09-09 22:37:20.491463,202,1,0,{},RTTTTT
2023-09-09 22:37:21.491123,203,1,0,{},RTTTTT
2023-09-09 22:37:22.491403,204,1,0,{},RTTTTT
2023-09-09 22:37:23.491516,205,1,0,{},RTTTTT
2023-09-09 22:37:24.492561,206,5,5,{44:1;96:1;111:1;128:1;143:1;153:1;173:1;266:1;356:1;366:1;372:1;376:1;377:1;378:1;413:1;608:1;610:1;611:1;620:1;832:1;866:1;867:1;1064:1;1079:1;1114:1;1141:1;1160:1;1268:1;1283:1;1349:1;1350:1;1353:1;1354:1;1356:1;1361:1;1365:1;1367:1;1373:1;1405:1;1409:1;1415:1;1577:1;1596:1;1597:1;1608:1;1609:1;1635:2;1636:2;1637:2;1639:1;1648:1;1649:1;1650:1;1651:1;1662:1;1663:1;1837:1;1838:1;1908:1;1909:1;1918:1;1924:1;},CCCHCC
2023-09-09 22:37:25.491091,207,1,0,{},RTTTTT
2023-09-09 22:37:26.492222,208,1,0,{},RTTTTT
2023-09-09 22:37:27.491448,209,1,0,{},RTTTTT
2023-09-09 22:37:28.491993,210,1,0,{},RTTTTT
2023-09-09 22:37:29.491193,211,1,0,{},RTTTTT
2023-09-09 22:37:30.491308,212,1,0,{},RTTTTT
2023-09-09 22:37:31.491268,213,6,6,{72:1;87:1;96:1;101:1;111:1;112:1;118:1;142:1;176:1;215:1;221:1;229:1;243:1;244:2;256:1;257:1;271:1;371:1;372:1;374:1;408:1;517:1;518:1;556:1;607:1;622:1;625:1;662:1;684:2;688:1;714:1;715:1;716:1;745:1;856:1;878:1;905:1;907:1;915:1;925:1;949:1;966:1;1018:1;1019:1;1021:1;1022:1;1071:1;1093:1;1112:1;1120:1;1133:1;1156:1;1161:1;1210:1;1211:1;1228:1;1234:1;1241:1;1250:1;1252:1;1256:1;1262:1;1264:1;1265:1;1266:1;1267:1;1329:1;1330:1;1331:2;1342:1;1355:1;1359:1;1360:1;1363:1;1371:1;1375:2;1383:1;1385:1;1389:2;1390:1;1393:1;1394:1;1404:1;1438:1;1450:1;1453:1;1466:1;1495:1;1496:1;1506:1;1516:1;1526:1;1583:1;1592:1;1600:1;1601:1;1602:1;1607:1;1718:1;1719:1;1739:1;1789:1;1834:1;1858:1;1864:1;1884:1;1931:1;1948:1;1973:1;1989:1;2008:1;2009:1;2023:1;},CCCCCC
2023-09-09 22:37:32.491009,214,4,3,{83:1;121:1;125:1;126:1;173:1;174:1;210:1;259:1;330:1;465:1;562:1;573:1;597:1;746:1;1024:1;1109:1;1121:1;1124:1;1204:1;1210:1;1366:1;1415:1;1502:1;1595:1;1652:1;1657:1;1662:1;1670:1;1680:1;1681:1;1691:1;1701:1;1718:1;1719:1;1720:1;1721:1;1727:1;1731:1;1732:1;1756:1;1757:1;1760:1;1777:1;1780:1;1808:1;1823:1;1826:1;1848:1;1854:1;1862:1;1882:1;1889:1;1900:1;1905:1;1908:1;1909:1;1918:1;1924:1;},CHCCRT
2023-09-09 22:37:33.490186,215,1,0,{},RTTTTT
2023-09-09 22:37:34.490219,216,1,0,{},RTTTTT
2023-09-09 22:37:35.491268,217,6,6,{47:1;57:1;62:1;82:1;110:1;123:1;173:1;230:1;304:1;313:1;314:1;315:1;360:1;361:1;380:1;405:1;439:1;445:1;446:1;489:1;555:1;636:1;731:1;748:1;772:1;851:1;861:1;959:1;1027:1;1063:1;1078:1;1088:1;1107:1;1138:1;1179:1;1180:1;1200:1;1205:1;1212:1;1213:1;1224:1;1263:1;1355:1;1368:1;1376:1;1379:1;1383:1;1412:1;1562:1;1572:1;1595:1;1596:1;1604:1;1624:1;1661:1;1682:1;1776:1;1802:1;1815:1;1881:1;},CCCCCC
2023-09-09 22:37:36.491265,218,1,0,{},RTTTTT
2023-09-09 22:37:37.493137,219,1,0,{},RTTTTT
2023-09-09 22:37:38.491891,220,1,0,{},RTTTTT
2023-09-09 22:37:39.492247,221,1,0,{},RTTTTT
2023-09-09 22:37:40.492067,222,1,0,{},RTTTTT
2023-09-09 22:37:41.492428,223,1,0,{},RTTTTT
2023-09-09 22:37:42.490820,224,1,0,{},RTTTTT
2023-09-09 22:37:43.492047,225,1,0,{},RTTTTT
2023-09-09 22:37:44.492136,226,1,0,{},RTTTTT
2023-09-09 22:37:45.492504,227,1,0,{},RTTTTT
2023-09-09 22:37:46.490854,228,1,0,{},RTTTTT
2023-09-09 22:37:47.492777,229,1,0,{},RTTTTT
2023-09-09 22:37:48.493666,230,1,0,{},RTTTTT
2023-09-09 22:37:49.492999,231,1,0,{},RTTTTT
2023-09-09 22:37:50.494378,232,1,0,{},RTTTTT
2023-09-09 22:37:51.492574,233,1,0,{},RTTTTT
2023-09-09 22:37:52.492555,234,1,0,{},RTTTTT
2023-09-09 22:37:53.492373,235,5,4,{56:1;59:1;108:1;127:1;153:1;363:1;385:1;426:1;427:1;436:1;444:1;445:1;490:1;491:1;509:1;598:1;601:1;636:1;643:1;644:1;651:1;655:1;664:1;674:1;678:1;690:1;692:1;697:1;699:1;702:1;704:1;716:1;719:1;723:1;724:1;849:1;889:1;1049:1;1111:1;1144:1;1308:1;1470:1;1646:1;1798:1;1851:1;},CCCCRT
2023-09-09 22:37:54.492580,236,5,4,{19:1;50:1;56:1;75:1;89:1;301:1;305:1;410:1;496:1;543:1;561:1;593:1;795:1;803:1;812:1;822:1;828:1;840:1;926:1;927:1;1049:1;1067:1;1078:1;1363:1;1512:1;1630:1;1801:1;1818:1;},CCCCRT
2023-09-09 22:37:55.491991,237,1,0,{},RTTTTT
2023-09-09 22:37:56.491348,238,1,0,{},RTTTTT
2023-09-09 22:37:57.492771,239,1,0,{},RTTTTT
2023-09-09 22:37:58.491471,240,1,0,{},RTTTTT
2023-09-09 22:37:59.490627,241,1,0,{},RTTTTT
2023-09-09 22:38:00.491162,242,1,0,{},RTTTTT
2023-09-09 22:38:01.490774,243,1,0,{},RTTTTT
2023-09-09 22:38:02.491414,244,3,2,{142:1;167:1;673:1;674:1;703:1;894:1;930:1;951:1;961:1;1109:1;1110:1;1175:1;1260:1;1308:1;1428:1;1447:1;1451:1;1485:1;1488:1;1930:1;1947:1;1964:1;},CCRTTT
2023-09-09 22:38:03.491507,245,1,0,{},RTTTTT
2023-09-09 22:38:04.490638,246,2,1,{1348:1;1460:1;},CRTTTT
2023-09-09 22:38:05.492100,247,1,0,{},RTTTTT
2023-09-09 22:38:06.491000,248,1,0,{},RTTTTT
2023-09-09 22:38:07.490984,249,1,0,{},RTTTTT
2023-09-09 22:38:08.490961,250,1,0,{},RTTTTT
2023-09-09 22:38:09.490607,251,5,5,{16:1;34:1;39:2;40:1;47:1;48:1;58:2;61:1;65:2;68:1;77:1;78:1;80:1;84:1;92:1;97:1;103:1;104:1;107:1;111:2;114:1;122:1;145:1;179:1;241:1;242:1;260:1;267:1;274:1;294:1;306:1;315:1;321:2;332:1;337:1;339:1;344:2;345:2;346:2;350:1;357:2;358:1;359:1;365:1;367:2;381:1;385:1;403:1;455:1;481:1;500:1;507:1;508:1;514:1;524:2;530:1;539:2;540:1;544:1;545:1;552:2;555:2;559:2;562:1;568:2;571:1;575:1;577:1;580:1;588:1;589:1;590:1;592:1;593:1;594:1;598:2;599:1;602:1;603:1;604:1;606:1;607:1;611:1;627:3;636:1;639:1;640:1;649:1;683:1;737:1;741:1;754:1;782:1;787:1;794:1;796:1;804:1;811:1;815:1;816:1;817:2;822:1;824:1;828:2;831:2;833:1;835:1;837:1;840:1;842:1;847:1;851:1;864:1;871:1;876:1;888:1;898:1;918:1;962:1;998:1;1011:1;1045:1;1051:1;1052:1;1053:1;1058:1;1059:1;1060:1;1061:1;1062:1;1067:1;1071:1;1073:2;1078:1;1088:1;1093:1;1094:1;1095:2;1098:1;1108:1;1111:1;1112:2;1116:2;1119:1;1125:1;1130:1;1132:1;1135:2;1136:1;1137:1;1147:1;1159:1;1170:1;1292:2;1299:1;1310:1;1316:2;1317:1;1319:1;1321:1;1332:2;1333:2;1334:2;1335:1;1336:1;1337:1;1339:1;1343:1;1346:1;1348:1;1349:1;1350:1;1352:1;1353:1;1354:2;1355:1;1356:2;1358:1;1360:1;1364:1;1366:1;1373:1;1379:2;1383:1;1386:1;1387:1;1398:1;1545:1;1547:1;1550:1;1554:1;1558:1;1574:2;1576:2;1582:1;1584:2;1585:1;1587:2;1595:1;1596:1;1597:1;1605:2;1608:1;1610:1;1611:1;1612:1;1615:1;1620:1;1625:2;1632:1;1652:1;1669:1;1671:1;1673:1;1786:1;1787:1;1797:1;1801:1;1812:1;1813:1;1817:1;1818:1;1819:1;1825:1;1826:1;1827:1;1834:2;1840:1;1844:1;1848:1;1849:1;1850:1;1851:1;1854:2;1855:1;1863:1;1864:1;1865:1;1866:1;1868:1;1869:1;1872:1;1877:2;1878:1;1892:1;1919:1;},HCCCCC
2023-09-09 22:38:10.491732,252,1,0,{},RTTTTT
2023-09-09 22:38:11.491165,253,1,0,{},RTTTTT
2023-09-09 22:38:12.491168,254,1,0,{},RTTTTT
2023-09-09 22:38:13.491222,255,1,0,{},RTTTTT
2023-09-09 22:38:14.491465,256,1,0,{},RTTTTT
2023-09-09 22:38:15.491823,257,1,0,{},RTTTTT
2023-09-09 22:38:16.491089,258,1,0,{},RTTTTT
2023-09-09 22:38:17.494126,259,6,6,{19:1;22:1;50:1;71:1;80:1;81:1;113:1;146:1;172:1;191:1;192:1;261:1;276:1;346:1;352:1;355:1;356:2;357:1;367:1;374:1;376:1;377:1;378:1;384:1;593:1;613:1;614:1;615:1;629:1;804:1;855:1;873:1;886:1;954:1;955:1;1067:1;1068:1;1074:1;1078:1;1096:1;1135:1;1300:1;1314:1;1317:1;1354:1;1355:1;1356:1;1357:1;1362:1;1368:1;1377:1;1384:1;1398:1;1399:1;1419:1;1420:1;1504:1;1557:1;1561:1;1562:1;1599:1;1612:1;1628:1;1667:1;1802:1;1834:1;1835:1;1853:1;1866:1;1880:1;1887:1;1893:1;1896:1;1917:1;1923:1;1924:1;},CCCCCC
2023-09-09 22:38:18.492066,260,1,0,{},RTTTTT
2023-09-09 22:38:19.492453,261,1,0,{},RTTTTT
2023-09-09 22:38:20.491995,262,1,0,{},RTTTTT
2023-09-09 22:38:21.492139,263,1,0,{},RTTTTT
2023-09-09 22:38:22.491960,264,1,0,{},RTTTTT
2023-09-09 22:38:23.492373,265,1,0,{},RTTTTT
2023-09-09 22:38:24.493278,266,1,0,{},RTTTTT
2023-09-09 22:38:25.491893,267,1,0,{},RTTTTT
2023-09-09 22:38:26.491327,268,1,0,{},RTTTTT
2023-09-09 22:38:27.491332,269,1,0,{},RTTTTT
2023-09-09 22:38:28.492597,270,1,0,{},RTTTTT
2023-09-09 22:38:29.492507,271,1,0,{},RTTTTT
2023-09-09 22:38:30.491970,272,1,0,{},RTTTTT
2023-09-09 22:38:31.493592,273,1,0,{},RTTTTT
2023-09-09 22:38:32.493266,274,1,0,{},RTTTTT
2023-09-09 22:38:33.492130,275,1,0,{},RTTTTT
2023-09-09 22:38:34.488579,276,5,5,{8:1;9:1;11:1;12:1;14:1;15:1;17:1;19:1;22:1;26:1;29:1;32:1;34:1;37:1;39:1;40:1;43:1;45:1;46:1;47:1;49:1;50:1;53:1;54:1;57:1;59:1;60:1;61:1;64:1;67:1;68:1;69:1;71:1;72:1;75:1;76:1;80:1;85:1;87:1;89:2;93:1;94:2;97:1;100:1;105:1;113:1;114:1;116:1;118:1;122:1;124:1;127:1;128:1;130:1;131:1;134:1;138:2;140:1;142:1;144:1;145:1;147:1;150:1;151:1;152:1;155:1;157:1;160:1;162:1;168:1;170:1;171:1;172:1;177:1;179:1;183:1;185:1;186:1;190:1;194:1;199:1;200:1;201:1;202:1;204:1;205:1;207:1;209:1;211:1;218:1;219:1;221:1;222:1;229:1;231:1;234:1;236:1;238:1;239:1;241:1;243:1;247:1;250:1;251:1;253:1;255:1;263:1;264:1;265:1;266:1;269:1;271:1;272:1;273:1;274:1;277:1;281:1;283:1;284:1;287:1;294:1;298:1;299:1;304:1;305:1;309:1;312:1;314:1;316:1;320:1;323:1;324:1;326:1;328:1;332:2;336:1;338:1;339:2;344:1;345:1;347:1;348:1;353:1;356:1;358:1;360:1;362:1;364:1;366:1;367:1;369:1;370:1;378:2;380:1;384:1;386:1;387:1;388:1;390:1;393:1;395:1;397:1;399:1;401:1;403:1;404:1;405:2;406:1;407:1;411:1;414:1;415:1;416:1;417:1;418:1;420:1;421:2;423:1;427:1;428:1;431:1;432:1;433:1;435:1;436:1;437:2;439:1;440:1;443:1;447:1;448:1;453:1;455:1;459:1;461:1;463:1;464:1;466:1;467:1;470:1;476:1;479:1;480:1;486:1;489:1;490:1;492:1;493:1;497:1;502:1;504:1;509:1;514:1;515:1;517:1;518:1;523:1;525:1;529:1;531:1;532:1;535:1;538:1;541:1;542:1;543:1;548:1;550:1;551:1;558:1;560:1;562:1;563:1;565:1;566:1;567:1;568:1;569:1;570:1;572:1;574:1;576:1;579:1;580:1;585:1;586:2;591:1;594:1;595:1;597:1;599:1;600:1;603:1;605:1;606:1;612:1;618:1;619:1;620:1;622:2;625:2;629:1;631:1;635:1;636:1;640:1;641:1;643:1;644:1;646:1;652:1;653:1;655:1;660:1;663:1;664:2;667:1;668:1;671:1;674:1;677:1;679:1;683:1;685:1;687:1;689:1;690:1;692:1;696:1;699:1;704:1;705:1;709:1;711:1;715:1;720:1;723:1;724:1;726:1;729:1;731:1;732:1;734:1;736:1;738:1;743:1;744:1;747:1;748:1;751:1;752:1;755:1;756:1;757:1;760:1;761:1;762:1;764:1;765:1;768:1;770:1;772:1;773:1;778:1;781:1;785:1;786:1;788:1;790:1;792:1;799:1;806:1;808:1;809:1;810:1;811:1;816:1;819:1;821:1;822:1;825:1;826:1;827:1;830:1;834:1;836:1;839:1;841:1;844:1;846:2;848:1;852:1;853:1;855:1;856:1;857:1;858:1;859:1;861:1;865:1;867:1;869:1;870:1;872:1;876:1;877:1;879:1;885:1;887:1;889:1;891:1;892:1;894:1;895:1;896:2;900:1;901:1;903:1;904:1;907:1;908:1;910:1;912:1;914:1;918:1;921:1;922:1;923:1;928:1;930:1;931:1;932:1;934:1;936:1;937:1;938:1;943:1;944:1;948:1;950:1;952:1;957:1;958:1;960:1;961:1;963:1;965:1;967:1;969:1;973:1;974:1;976:1;978:1;979:1;981:1;983:1;985:1;987:1;990:1;997:1;1000:1;1001:1;1005:1;1006:1;1007:1;1008:1;1009:1;1011:1;1013:1;1014:1;1016:1;1017:1;1019:1;1020:1;1022:1;1024:1;1026:1;1029:1;1030:1;1035:1;1036:1;1038:1;1041:1;1044:1;1045:1;1051:1;1052:1;1054:1;1057:1;1060:1;1061:1;1063:1;1064:1;1065:1;1067:1;1068:1;1070:1;1072:1;1073:1;1076:1;1078:1;1080:1;1082:1;1085:1;1088:1;1090:1;1092:2;1096:1;1097:1;1099:1;1101:1;1103:1;1104:1;1106:1;1108:1;1109:1;1111:1;1112:1;1114:1;1116:2;1119:1;1121:1;1122:1;1124:1;1125:1;1128:1;1131:1;1132:1;1135:1;1137:1;1138:1;1140:1;1141:2;1145:1;1148:1;1150:1;1151:1;1155:1;1156:1;1159:1;1163:1;1165:1;1166:1;1167:1;1168:2;1170:1;1172:1;1173:1;1174:2;1183:1;1185:1;1189:1;1191:1;1192:1;1194:1;1196:1;1198:1;1199:1;1202:1;1204:1;1205:1;1212:1;1213:1;1214:1;1215:1;1218:1;1219:1;1221:1;1223:1;1224:1;1228:1;1229:1;1231:1;1232:1;1233:1;1235:1;1237:1;1240:1;1241:1;1242:1;1245:1;1246:1;1251:1;1252:1;1254:1;1259:1;1260:1;1263:1;1264:1;1265:1;1267:1;1275:1;1277:1;1279:1;1280:1;1281:1;1287:1;1288:1;1292:1;1294:1;1296:1;1299:1;1301:1;1304:1;1309:1;1310:1;1312:1;1315:1;1316:1;1319:1;1320:1;1322:1;1324:1;1325:1;1326:1;1327:1;1328:1;1331:1;1333:1;1335:1;1336:1;1339:1;1341:1;1343:1;1345:1;1348:1;1349:1;1351:1;1352:1;1353:1;1355:1;1357:1;1358:1;1360:1;1361:2;1363:1;1364:1;1366:1;1370:1;1372:1;1374:1;1379:1;1380:1;1382:1;1383:1;1384:1;1386:1;1387:1;1392:1;1394:1;1398:1;1401:1;1402:1;1403:1;1405:1;1412:1;1417:1;1418:1;1421:1;1422:1;1423:2;1428:1;1431:1;1432:1;1433:1;1436:2;1440:1;1442:1;1445:1;1447:1;1448:1;1450:1;1452:1;1453:1;1456:1;1459:1;1460:1;1461:1;1464:1;1466:1;1470:1;1472:1;1476:1;1479:1;1480:1;1483:1;1484:1;1485:1;1487:1;1488:1;1490:1;1491:1;1493:1;1499:1;1500:1;1502:1;1503:1;1506:1;1507:1;1508:1;1510:1;1512:1;1517:1;1518:1;1520:1;1522:1;1524:1;1527:1;1533:1;1535:1;1536:1;1540:1;1542:1;1543:1;1544:1;1547:1;1549:1;1550:1;1553:1;1558:1;1560:1;1562:1;1564:1;1566:1;1570:1;1572:1;1574:1;1577:1;1579:1;1582:1;1583:1;1586:1;1587:1;1589:1;1593:1;1595:1;1597:1;1599:1;1601:1;1604:1;1606:1;1607:1;1609:1;1611:2;1613:1;1614:1;1618:1;1619:1;1622:1;1623:1;1625:1;1627:1;1628:1;1630:1;1634:1;1635:1;1637:1;1638:1;1644:1;1645:1;1650:1;1652:1;1654:1;1655:1;1656:1;1660:1;1661:1;1663:1;1665:1;1668:1;1671:1;1675:1;1677:1;1678:1;1679:1;1682:1;1686:1;1691:1;1694:1;1697:1;1702:1;1708:1;1711:1;1713:1;1716:1;1717:1;1719:1;1720:1;1721:1;1725:1;1727:1;1728:1;1731:1;1733:1;1734:1;1736:1;1738:1;1740:1;1743:1;1746:1;1747:1;1753:1;1754:1;1755:1;1757:1;1758:1;1761:1;1762:1;1765:1;1767:1;1769:1;1771:1;1774:1;1777:1;1779:1;1782:1;1784:1;1788:1;1790:1;1797:1;1799:1;1800:1;1802:1;1803:1;1806:1;1809:1;1811:1;1813:1;1815:1;1817:1;1818:1;1821:1;1824:1;1825:1;1827:1;1828:1;1831:1;1832:1;1833:1;1835:1;1836:1;1837:1;1841:1;1842:1;1844:1;1845:1;1848:1;1850:1;1853:1;1856:1;1858:1;1860:1;1861:1;1863:1;1864:1;1865:1;1867:1;1868:1;1876:1;1878:1;1880:1;1882:1;1884:1;1885:2;1888:1;1890:1;1891:1;1893:2;1898:1;1899:1;1900:1;1902:1;1903:1;1904:1;1906:1;1908:1;1909:1;1910:1;1918:1;1920:1;1921:1;1924:1;1925:1;1929:1;1931:1;1933:1;1935:1;1938:1;1939:2;1941:1;1943:1;1945:1;1947:1;1948:1;1950:1;1953:1;1955:1;1956:1;1959:1;1960:1;1962:1;1963:1;1966:1;1970:1;1972:1;1976:1;1977:1;1978:1;1981:1;1983:1;1984:1;1989:1;1990:1;1994:1;1995:1;1997:1;1998:1;2000:1;2003:1;2004:1;2006:1;2014:1;2018:1;2019:1;2020:1;2022:1;2024:1;2031:1;2032:1;2035:1;},CCCCCE
2023-09-09 22:38:35.492391,277,1,0,{},RTTTTT
2023-09-09 22:38:36.490257,278,1,0,{},RTTTTT
2023-09-09 22:38:37.490986,279,1,0,{},RTTTTT
2023-09-09 22:38:38.490489,280,1,0,{},RTTTTT
2023-09-09 22:38:39.490301,281,1,0,{},RTTTTT
2023-09-09 22:38:40.490309,282,1,0,{},RTTTTT
2023-09-09 22:38:41.491366,283,1,0,{},RTTTTT
2023-09-09 22:38:42.491085,284,1,0,{},RTTTTT
2023-09-09 22:38:43.492544,285,1,0,{},RTTTTT
2023-09-09 22:38:44.491145,286,1,0,{},RTTTTT
2023-09-09 22:38:45.492015,287,1,0,{},RTTTTT
2023-09-09 22:38:46.491486,288,1,0,{},RTTTTT
2023-09-09 22:38:47.492246,289,1,0,{},RTTTTT
2023-09-09 22:38:48.492180,290,1,0,{},RTTTTT
2023-09-09 22:38:49.492184,291,1,0,{},RTTTTT
2023-09-09 22:38:50.493705,292,5,5,{50:1;73:1;80:1;81:1;82:1;85:1;86:1;95:1;101:1;104:1;119:1;158:1;266:1;289:1;316:1;321:1;332:1;345:1;346:1;561:1;606:1;614:1;637:1;643:1;741:1;742:1;759:1;802:1;813:1;862:1;868:1;900:1;938:1;1067:1;1091:1;1128:1;1131:1;1171:1;1181:1;1193:1;1194:1;1212:1;1213:1;1226:1;1241:1;1290:1;1291:1;1293:1;1317:1;1319:1;1323:1;1334:1;1336:1;1344:1;1345:1;1346:1;1347:1;1351:1;1360:1;1365:1;1366:1;1376:1;1384:1;1385:1;1391:1;1392:1;1397:1;1401:1;1406:1;1407:1;1425:1;1426:1;1568:1;1586:1;1592:1;1593:1;1597:1;1613:1;1614:1;1624:1;1626:1;1645:1;1646:1;1647:1;1657:1;1660:1;1831:1;1865:1;1893:1;1997:1;},HCCCCC
2023-09-09 22:38:51.492323,293,1,0,{},RTTTTT
2023-09-09 22:38:52.490811,294,1,0,{},RTTTTT
2023-09-09 22:38:53.492764,295,1,0,{},RTTTTT
2023-09-09 22:38:54.490878,296,1,0,{},RTTTTT
2023-09-09 22:38:55.492860,297,1,0,{},RTTTTT
2023-09-09 22:38:56.492503,298,6,6,{24:1;28:1;53:1;72:1;85:1;86:1;87:1;119:1;291:1;292:1;301:1;305:1;569:1;608:1;609:1;615:1;636:1;657:1;669:1;856:1;857:1;862:1;890:1;891:1;924:1;1051:1;1107:1;1131:1;1134:1;1287:1;1311:1;1340:1;1362:1;1363:1;1370:1;1391:1;1417:1;1492:1;1499:1;1565:1;1580:1;1601:1;1602:1;1603:2;1604:1;1617:1;1635:1;1639:1;1659:1;1660:1;1665:1;1703:1;1708:1;1886:1;1899:1;2034:1;},CCCCCC
2023-09-09 22:38:57.492515,299,1,0,{},RTTTTT
2023-09-09 22:38:58.492299,300,1,0,{},RTTTTT
2023-09-09 22:38:59.492920,301,1,0,{},RTTTTT
2023-09-09 22:39:00.491124,302,1,0,{},RTTTTT
2023-09-09 22:39:01.491554,303,1,0,{},RTTTTT
2023-09-09 22:39:02.492236,304,1,0,{},RTTTTT
2023-09-09 22:39:03.491510,305,1,0,{},RTTTTT
2023-09-09 22:39:04.492566,306,1,0,{},RTTTTT
2023-09-09 22:39:05.492292,307,1,0,{},RTTTTT
2023-09-09 22:39:06.491055,308,1,0,{},RTTTTT
2023-09-09 22:39:07.491185,309,1,0,{},RTTTTT
2023-09-09 22:39:08.492764,310,1,0,{},RTTTTT
2023-09-09 22:39:09.490078,311,1,0,{},RTTTTT
2023-09-09 22:39:10.490220,312,5,5,{8:1;9:1;11:1;14:1;15:1;17:1;18:1;19:1;22:1;25:1;27:1;32:1;34:1;37:1;39:1;40:1;42:1;46:1;47:1;49:1;50:1;53:1;55:1;56:1;58:1;59:1;63:1;65:1;68:1;69:1;74:1;76:1;78:2;80:1;81:1;82:1;84:1;86:2;92:1;94:1;99:1;102:2;104:1;106:2;108:1;110:2;115:1;116:2;117:1;118:1;125:1;126:1;127:2;129:1;132:1;133:1;134:3;137:1;140:1;141:2;142:1;143:1;144:1;147:1;148:1;150:1;151:1;152:1;154:1;155:1;156:1;157:1;160:1;167:1;169:1;171:1;175:1;176:1;178:1;179:1;180:1;182:1;183:1;185:1;189:1;190:1;193:1;195:1;197:1;200:1;202:1;205:1;206:1;208:1;210:1;212:1;213:1;216:1;220:1;222:1;224:1;225:1;227:1;229:1;231:1;233:1;237:1;238:1;240:1;246:1;249:1;252:1;253:1;255:1;256:1;257:1;258:1;264:1;267:1;274:1;276:1;279:1;280:1;282:1;285:1;286:1;289:1;295:1;299:1;300:1;301:1;303:1;304:1;306:1;309:1;310:1;312:1;315:1;317:1;321:1;322:1;324:1;325:1;328:2;330:1;340:1;341:1;344:3;346:1;349:1;351:2;355:2;356:1;357:1;358:1;361:1;362:1;363:2;365:1;366:2;368:1;369:1;370:1;371:3;375:1;376:1;377:1;379:1;380:2;382:1;383:2;384:1;388:1;389:1;391:1;392:1;393:1;396:1;397:2;398:1;399:1;401:1;402:1;403:1;406:1;408:1;409:1;411:1;412:1;414:1;415:1;416:1;418:1;420:1;421:1;423:1;424:1;426:1;427:1;429:1;430:1;431:1;432:1;435:1;437:1;439:1;443:1;444:1;446:1;449:1;450:1;453:1;455:1;456:1;457:1;459:1;461:1;462:1;464:1;465:1;468:1;469:1;471:1;473:1;480:1;481:1;483:1;486:1;487:1;488:1;489:1;490:1;492:1;493:1;496:1;498:1;502:1;505:1;508:1;509:1;512:1;513:1;515:1;516:1;519:1;521:1;523:1;525:1;526:1;530:1;532:1;533:1;535:1;537:1;538:1;540:1;542:1;543:1;544:1;545:1;547:1;549:1;550:1;553:1;554:1;558:1;563:1;567:1;568:1;571:1;572:1;575:1;576:1;577:1;579:1;580:2;581:1;582:1;584:1;586:1;587:2;592:1;593:1;594:2;595:1;599:1;600:2;604:1;610:1;612:1;614:1;618:1;619:1;621:1;623:2;625:1;626:2;628:1;629:3;630:1;631:1;632:1;633:1;634:1;636:1;642:1;644:1;646:1;649:1;650:1;652:1;655:1;656:1;658:1;661:1;662:1;663:1;665:1;667:1;669:1;670:1;674:1;676:1;678:1;679:1;682:1;683:1;684:1;687:1;689:1;692:1;699:1;703:1;706:1;707:1;710:1;711:1;713:1;714:1;717:1;725:1;727:1;730:1;732:1;733:1;737:1;739:1;741:1;743:1;745:1;746:1;748:1;751:1;752:1;754:1;759:1;760:1;762:1;763:1;766:1;767:1;768:1;770:1;772:1;773:1;774:1;776:1;778:1;780:1;781:1;783:1;786:1;788:1;792:1;796:1;797:1;801:1;802:1;803:1;804:1;806:1;808:1;810:1;813:1;817:1;818:1;819:1;821:1;822:1;826:1;829:1;831:1;835:1;839:1;840:2;843:1;844:1;846:1;847:1;849:1;853:1;855:1;856:1;857:2;865:1;867:1;868:3;871:2;876:1;877:1;879:1;880:1;881:1;883:1;884:1;885:3;887:1;888:1;890:2;892:1;893:1;896:1;897:2;898:1;899:2;900:1;901:1;902:1;906:1;908:1;910:1;913:1;914:1;918:1;919:1;921:1;922:1;924:1;925:1;929:1;931:1;932:1;933:1;935:1;939:1;940:1;944:1;946:1;948:1;954:1;957:1;958:1;960:1;962:1;966:1;967:1;970:1;971:1;974:1;976:1;978:1;981:1;982:1;985:1;986:1;987:1;990:1;994:1;995:1;996:1;997:1;1000:1;1003:1;1005:1;1008:1;1010:1;1012:1;1015:1;1017:1;1021:1;1024:1;1025:1;1027:1;1028:1;1029:1;1032:1;1035:1;1037:1;1041:1;1043:1;1046:1;1050:1;1052:1;1055:1;1058:1;1060:1;1066:1;1067:1;1068:1;1070:1;1071:1;1072:1;1074:1;1075:1;1077:1;1082:1;1086:1;1088:2;1089:1;1090:1;1091:2;1097:2;1100:1;1101:2;1104:1;1106:1;1107:2;1111:1;1112:1;1113:2;1120:1;1121:3;1125:1;1126:2;1129:1;1130:2;1131:1;1132:1;1136:2;1138:1;1139:1;1141:1;1146:1;1148:1;1150:1;1152:1;1153:1;1154:2;1156:1;1161:1;1163:1;1165:1;1168:1;1170:1;1171:1;1173:1;1174:1;1175:1;1178:1;1180:1;1182:1;1183:1;1184:1;1188:1;1189:1;1192:1;1194:1;1195:1;1198:1;1200:1;1204:1;1206:1;1209:1;1210:1;1211:1;1213:1;1215:1;1216:1;1218:1;1225:1;1226:1;1229:1;1231:1;1235:1;1237:1;1239:1;1240:1;1241:1;1243:1;1246:1;1247:1;1248:1;1251:1;1253:1;1258:1;1260:1;1262:1;1270:1;1273:1;1279:1;1283:1;1284:1;1288:1;1289:1;1292:1;1294:1;1297:1;1298:1;1300:1;1308:1;1313:1;1314:1;1315:1;1317:1;1319:1;1321:1;1322:1;1325:1;1326:1;1328:1;1331:1;1333:1;1334:1;1336:2;1341:1;1343:1;1344:1;1346:1;1348:1;1350:1;1357:1;1358:2;1359:1;1360:1;1361:1;1363:2;1364:1;1365:1;1367:1;1370:1;1371:2;1374:1;1378:1;1379:1;1382:1;1384:1;1386:1;1389:1;1391:2;1393:2;1394:1;1395:2;1396:1;1397:2;1399:1;1400:1;1403:1;1404:1;1406:1;1408:1;1410:1;1412:1;1413:1;1416:1;1419:1;1420:1;1424:1;1425:1;1426:1;1428:1;1430:1;1433:1;1434:1;1438:1;1440:1;1443:1;1444:1;1446:1;1449:1;1450:1;1452:1;1453:1;1455:1;1456:1;1458:1;1459:1;1460:1;1461:1;1464:1;1466:1;1468:1;1471:1;1473:1;1474:1;1477:1;1481:1;1482:1;1484:1;1485:1;1487:1;1488:1;1490:1;1491:1;1492:1;1497:1;1499:1;1502:1;1508:1;1511:1;1513:1;1514:1;1516:1;1520:1;1521:1;1523:1;1526:1;1528:1;1529:1;1532:1;1534:1;1537:1;1539:1;1541:1;1544:1;1546:1;1549:1;1551:1;1553:1;1554:1;1555:1;1560:1;1562:1;1564:1;1567:1;1569:1;1572:1;1576:1;1579:1;1581:1;1582:1;1585:1;1587:1;1588:1;1591:1;1592:2;1593:1;1594:1;1597:1;1599:1;1600:1;1606:1;1608:1;1610:1;1614:1;1616:1;1618:1;1619:2;1622:2;1623:1;1624:2;1627:1;1628:2;1630:1;1631:1;1636:2;1642:1;1647:1;1652:1;1653:1;1655:3;1657:1;1665:1;1666:1;1668:1;1670:1;1671:1;1673:1;1676:1;1677:1;1679:1;1681:1;1683:1;1684:1;1686:1;1689:1;1691:1;1692:1;1694:1;1701:1;1702:1;1703:1;1704:1;1706:1;1708:1;1710:1;1711:1;1712:1;1713:1;1715:1;1718:1;1720:1;1721:1;1723:1;1729:1;1732:1;1734:1;1736:1;1738:1;1740:1;1741:1;1745:1;1747:1;1748:1;1750:1;1753:1;1754:1;1756:1;1760:1;1763:1;1769:1;1771:1;1772:1;1775:1;1779:1;1781:1;1783:1;1786:1;1791:1;1792:1;1794:1;1796:1;1799:1;1800:1;1802:1;1804:1;1805:1;1808:1;1810:1;1813:1;1817:1;1819:1;1822:1;1823:1;1825:1;1826:2;1827:1;1829:1;1830:1;1834:1;1836:1;1838:1;1844:1;1849:1;1851:1;1853:1;1854:1;1858:1;1859:1;1861:1;1863:1;1866:1;1869:2;1874:1;1877:1;1879:2;1880:1;1881:2;1883:1;1886:2;1892:2;1893:2;1894:1;1896:1;1898:1;1900:1;1901:2;1904:1;1905:3;1910:1;1911:1;1912:2;1913:1;1914:2;1917:1;1919:1;1921:1;1923:1;1925:1;1927:1;1932:2;1933:1;1934:1;1935:1;1936:1;1937:1;1939:1;1941:1;1943:1;1945:1;1946:1;1947:1;1950:1;1953:1;1956:1;1957:1;1959:1;1961:1;1962:1;1965:1;1967:1;1970:1;1971:1;1974:1;1975:1;1977:1;1980:1;1982:1;1986:1;1987:1;1989:1;1993:1;1994:1;1999:1;2001:1;2003:1;2005:1;2007:1;2010:1;2014:1;2019:1;2021:1;2023:1;2024:1;2026:1;2028:1;2031:1;2032:1;2034:1;2035:1;},CCCCCE
2023-09-09 22:39:11.490018,313,6,6,{51:1;55:1;67:1;96:1;97:1;100:1;109:1;110:1;124:1;282:1;335:1;343:1;345:1;378:1;379:1;389:1;390:1;391:1;397:1;398:1;405:1;545:1;565:1;569:1;570:1;571:1;605:2;606:1;608:1;609:1;616:1;622:1;641:1;646:1;647:1;681:1;779:1;802:1;819:1;851:1;860:1;867:1;876:1;877:1;878:1;883:1;923:1;936:1;937:1;1019:1;1033:1;1071:1;1084:1;1085:1;1088:1;1100:1;1104:1;1105:1;1106:1;1115:1;1116:1;1117:1;1128:1;1136:1;1137:1;1146:1;1148:1;1149:1;1150:1;1151:1;1159:1;1312:1;1363:1;1366:1;1379:1;1399:1;1622:1;1634:1;1636:1;1637:1;1638:1;1651:1;1683:1;1828:1;1833:1;1848:1;1866:1;1894:1;1898:1;1899:1;1909:1;1957:1;},CCCCCC
2023-09-09 22:39:12.489893,314,1,0,{},RTTTTT
2023-09-09 22:39:13.490355,315,1,0,{},RTTTTT
2023-09-09 22:39:14.490901,316,1,0,{},RTTTTT
2023-09-09 22:39:15.491998,317,1,0,{},RTTTTT
2023-09-09 22:39:16.492732,318,1,0,{},RTTTTT
2023-09-09 22:39:17.493166,319,1,0,{},RTTTTT
2023-09-09 22:39:18.491133,320,1,0,{},RTTTTT
2023-09-09 22:39:19.493909,321,1,0,{},RTTTTT
2023-09-09 22:39:20.491338,322,1,0,{},RTTTTT
2023-09-09 22:39:21.492339,323,1,0,{},RTTTTT
2023-09-09 22:39:22.492226,324,1,0,{},RTTTTT
2023-09-09 22:39:23.493603,325,1,0,{},RTTTTT
2023-09-09 22:39:24.493195,326,1,0,{},RTTTTT
2023-09-09 22:39:25.493504,327,1,0,{},RTTTTT
2023-09-09 22:39:26.493399,328,1,0,{},RTTTTT
2023-09-09 22:39:27.493267,329,1,0,{},RTTTTT
2023-09-09 22:39:28.491420,330,1,0,{},RTTTTT
2023-09-09 22:39:29.493065,331,1,0,{},RTTTTT
2023-09-09 22:39:30.491135,332,1,0,{},RTTTTT
2023-09-09 22:39:31.492845,333,1,0,{},RTTTTT
2023-09-09 22:39:32.492082,334,1,0,{},RTTTTT
2023-09-09 22:39:33.494648,335,1,0,{},RTTTTT
2023-09-09 22:39:34.492047,336,1,0,{},RTTTTT
2023-09-09 22:39:35.492271,337,1,0,{},RTTTTT
2023-09-09 22:39:36.490256,338,1,0,{},RTTTTT
2023-09-09 22:39:37.493462,339,1,0,{},RTTTTT
2023-09-09 22:39:38.492582,340,1,0,{},RTTTTT
2023-09-09 22:39:39.493430,341,1,0,{},RTTTTT
2023-09-09 22:39:40.491146,342,1,0,{},RTTTTT
2023-09-09 22:39:41.491742,343,1,0,{},RTTTTT
2023-09-09 22:39:42.491409,344,1,0,{},RTTTTT
2023-09-09 22:39:43.490438,345,1,0,{},RTTTTT
2023-09-09 22:39:44.491024,346,1,0,{},RTTTTT
2023-09-09 22:39:45.490892,347,1,0,{},RTTTTT
2023-09-09 22:39:46.491053,348,1,0,{},RTTTTT
2023-09-09 22:39:47.491042,349,1,0,{},RTTTTT
2023-09-09 22:39:48.490282,350,1,0,{},RTTTTT
2023-09-09 22:39:49.492274,351,1,0,{},RTTTTT
2023-09-09 22:39:50.490191,352,1,0,{},RTTTTT
2023-09-09 22:39:51.490686,353,1,0,{},RTTTTT
2023-09-09 22:39:52.491505,354,6,6,{63:1;70:1;85:1;86:1;93:1;94:1;98:1;108:1;117:1;147:1;148:1;149:1;150:1;153:1;263:1;270:1;304:1;331:1;344:1;349:1;350:1;353:1;358:1;359:1;368:1;382:1;383:1;385:1;391:1;420:1;433:1;434:1;461:1;462:1;473:1;536:1;537:1;539:1;592:1;597:1;598:1;608:1;622:1;623:1;626:1;637:1;640:1;641:1;659:1;676:1;830:1;867:1;868:1;870:1;874:1;878:1;892:1;906:1;907:1;910:1;911:1;916:1;935:1;1017:1;1057:1;1091:1;1092:1;1093:1;1100:1;1107:1;1108:1;1120:1;1124:1;1125:1;1126:1;1131:1;1132:1;1134:1;1137:1;1140:1;1141:1;1153:1;1158:1;1160:1;1164:1;1168:2;1176:1;1183:1;1184:1;1190:1;1191:1;1280:1;1321:1;1322:1;1328:1;1333:1;1341:1;1342:1;1343:1;1346:1;1355:1;1377:1;1378:1;1398:1;1402:1;1407:1;1433:1;1434:1;1480:1;1520:1;1600:1;1601:1;1608:1;1615:1;1616:1;1623:1;1624:1;1649:1;1655:1;1657:1;1829:1;1835:1;1850:1;1851:1;1852:1;1857:1;1868:1;1872:1;1873:1;1876:1;1880:2;1881:1;1888:1;1890:1;1891:1;1892:1;1893:1;1894:1;1895:1;1915:1;1940:1;2023:1;},CCCCCC
2023-09-09 22:39:53.493105,355,1,0,{},RTTTTT
2023-09-09 22:39:54.492040,356,6,6,{8:1;9:2;11:1;13:1;15:1;17:1;19:1;22:1;24:1;26:1;28:1;30:1;32:1;34:1;35:1;37:1;38:1;42:1;44:1;46:1;47:1;49:1;50:1;53:1;54:1;55:1;57:1;59:1;61:1;67:1;70:1;74:1;75:1;81:1;83:2;87:1;89:1;91:1;93:1;95:1;96:1;99:1;101:1;106:1;107:1;108:1;112:1;113:2;115:1;117:1;119:1;120:1;123:1;126:1;127:1;129:1;130:1;134:1;136:1;138:1;140:1;143:1;144:1;147:1;151:1;152:1;155:1;160:1;161:1;163:2;164:1;165:1;168:2;171:1;174:1;177:1;178:1;179:1;182:1;183:1;184:1;186:1;188:1;189:1;190:1;193:1;194:1;197:1;201:1;203:1;207:1;208:1;209:1;211:1;212:1;214:1;215:1;220:1;221:1;228:1;230:1;233:1;234:1;235:1;237:1;238:1;240:1;242:1;245:1;247:1;250:1;251:1;255:1;257:1;259:1;261:1;262:1;266:1;267:1;270:1;272:1;273:2;274:1;276:1;278:1;279:1;281:1;283:1;284:1;287:1;290:1;291:1;294:1;295:1;296:1;297:1;299:1;302:1;303:1;304:1;307:1;309:1;312:1;313:1;318:1;320:1;322:1;327:1;329:1;331:1;333:1;337:1;338:1;340:1;341:1;342:1;344:1;346:1;348:1;350:1;351:1;352:1;357:2;358:1;360:1;362:2;365:1;368:1;369:1;370:1;371:1;374:1;377:1;379:1;380:1;383:1;384:1;385:1;386:1;388:1;390:1;392:1;393:1;394:1;395:1;397:1;398:1;400:1;402:1;403:1;406:2;408:1;409:1;413:1;414:1;416:1;419:1;422:1;423:1;425:1;428:1;430:1;432:1;434:1;438:2;439:1;441:1;444:1;445:2;451:1;452:1;457:1;459:1;461:1;462:1;463:1;464:1;466:1;467:1;468:1;470:1;471:1;473:1;475:1;478:1;481:1;482:1;484:1;487:1;490:1;492:1;493:1;496:1;497:1;500:1;502:1;505:1;512:1;513:1;515:1;518:1;520:1;522:1;523:1;524:1;526:1;530:1;531:1;532:1;534:1;538:1;542:1;543:1;544:1;546:1;549:1;553:1;555:1;558:1;560:1;562:1;563:1;566:1;571:1;574:1;578:1;581:1;583:1;584:1;585:1;586:1;587:2;589:1;591:1;593:1;595:1;597:1;598:1;602:1;604:1;609:1;612:1;617:1;618:1;619:1;621:2;622:1;623:1;627:1;628:1;631:1;632:1;633:1;636:1;639:1;641:1;643:1;645:1;646:1;649:1;652:1;653:1;655:1;656:1;658:1;661:1;665:1;666:1;667:1;669:1;671:1;672:1;673:1;676:1;679:1;682:1;684:1;686:1;688:1;689:1;691:1;693:1;694:1;697:1;701:1;703:1;709:1;712:1;715:1;717:1;721:1;732:1;734:1;735:1;736:1;741:1;743:1;745:1;750:1;751:1;753:1;755:1;756:1;758:1;760:1;762:1;763:1;765:1;770:1;773:1;774:1;780:1;782:1;783:1;788:1;790:1;792:1;794:1;796:1;797:1;799:1;800:1;801:1;805:1;807:1;808:1;811:1;813:1;815:1;816:1;818:1;821:1;824:1;825:1;826:1;828:1;830:1;834:1;835:1;841:1;844:1;847:1;850:1;852:1;857:1;860:1;863:1;864:1;869:1;872:1;874:1;876:1;877:1;878:1;880:1;884:1;887:1;893:1;894:1;896:1;897:1;899:2;900:1;902:1;904:1;907:1;911:1;912:1;915:1;917:1;918:1;922:1;923:1;926:2;927:1;933:1;935:1;936:1;938:1;939:1;940:1;943:1;944:1;945:2;947:1;948:1;950:1;952:1;953:1;955:1;956:1;958:1;960:1;961:1;964:1;967:1;971:1;974:1;977:1;980:1;982:1;984:1;991:1;992:1;993:1;997:1;998:1;1001:1;1002:1;1003:1;1005:1;1009:1;1011:1;1013:1;1018:1;1024:1;1027:1;1030:1;1034:1;1038:1;1040:1;1041:1;1045:1;1047:1;1049:1;1052:1;1055:1;1057:1;1059:1;1061:1;1063:1;1064:1;1066:1;1069:1;1070:1;1072:1;1074:1;1076:1;1083:1;1085:1;1088:1;1090:1;1093:1;1098:1;1099:1;1100:1;1102:1;1106:1;1107:1;1109:1;1112:1;1113:1;1115:1;1117:1;1119:1;1123:1;1126:1;1128:1;1130:1;1132:1;1135:1;1136:1;1139:2;1140:1;1143:1;1145:1;1146:1;1148:1;1150:1;1153:1;1155:1;1156:1;1159:1;1160:1;1162:1;1163:1;1165:2;1167:1;1170:1;1172:1;1176:1;1178:1;1180:1;1181:1;1187:2;1188:1;1192:1;1194:1;1195:1;1198:1;1199:1;1200:1;1202:2;1209:1;1210:1;1211:1;1214:1;1215:1;1219:1;1221:1;1222:1;1224:1;1226:1;1228:1;1234:1;1236:1;1238:1;1242:1;1244:1;1247:1;1249:1;1253:1;1254:1;1257:1;1259:1;1263:1;1264:1;1266:1;1268:1;1269:1;1271:1;1273:1;1276:1;1278:1;1280:1;1282:1;1285:1;1286:1;1288:1;1289:1;1294:1;1296:1;1299:1;1301:1;1306:1;1309:1;1313:1;1315:1;1318:1;1320:1;1323:1;1325:1;1326:1;1327:1;1328:1;1332:1;1333:1;1336:1;1337:1;1342:1;1347:1;1349:1;1352:1;1353:1;1355:1;1358:1;1359:1;1362:1;1365:1;1366:1;1368:1;1370:1;1371:1;1372:1;1374:1;1377:1;1380:1;1384:1;1386:1;1388:2;1389:1;1391:1;1393:1;1396:1;1398:1;1403:1;1410:1;1412:1;1414:1;1416:1;1417:1;1418:1;1420:1;1422:1;1423:1;1425:1;1427:1;1428:1;1430:1;1432:1;1433:1;1435:1;1438:1;1439:1;1441:1;1442:1;1444:1;1446:1;1448:1;1450:1;1457:1;1460:2;1462:1;1466:1;1468:1;1469:1;1472:1;1475:1;1479:1;1480:1;1485:1;1486:1;1489:1;1491:1;1496:1;1497:1;1499:1;1500:1;1502:1;1508:1;1513:1;1516:1;1518:1;1521:1;1523:1;1524:1;1529:1;1530:1;1531:1;1533:1;1535:1;1537:1;1542:1;1545:1;1547:1;1548:1;1552:1;1554:1;1555:1;1557:1;1559:1;1561:1;1563:1;1564:1;1566:1;1568:1;1574:1;1579:1;1581:1;1584:1;1586:1;1589:1;1590:1;1597:1;1598:1;1603:1;1606:1;1608:1;1611:1;1612:1;1614:1;1615:1;1617:1;1618:1;1620:1;1626:1;1628:1;1631:1;1633:1;1635:1;1638:1;1639:1;1640:1;1642:1;1645:2;1646:1;1649:2;1652:1;1653:1;1656:1;1658:1;1662:1;1664:1;1666:1;1667:1;1682:1;1683:1;1685:1;1687:1;1689:1;1691:2;1692:1;1694:1;1695:1;1696:1;1697:1;1701:1;1705:1;1707:1;1711:2;1713:1;1715:1;1718:1;1719:1;1722:1;1724:1;1725:1;1728:2;1729:1;1731:1;1732:1;1734:1;1738:1;1742:2;1743:1;1746:1;1749:1;1751:1;1755:1;1756:1;1758:1;1760:1;1765:1;1767:1;1768:1;1770:1;1773:1;1779:1;1781:1;1782:1;1784:1;1788:1;1789:1;1792:1;1794:1;1795:1;1797:1;1800:1;1801:1;1803:1;1804:1;1806:1;1812:1;1813:1;1816:1;1818:1;1820:1;1826:1;1828:1;1829:1;1832:1;1834:1;1837:1;1839:1;1845:1;1848:1;1850:1;1851:1;1853:1;1854:1;1861:1;1865:1;1866:1;1868:1;1870:1;1871:1;1872:1;1874:1;1875:1;1877:1;1879:1;1881:1;1882:1;1883:1;1884:1;1885:1;1887:1;1888:1;1890:1;1897:1;1899:1;1900:1;1903:2;1905:1;1906:1;1908:1;1912:1;1917:1;1920:1;1921:1;1924:1;1926:1;1928:1;1930:1;1933:1;1935:1;1941:1;1942:1;1946:1;1947:1;1949:1;1951:1;1954:1;1955:1;1958:1;1959:1;1963:2;1964:1;1966:1;1967:1;1968:2;1970:1;1972:1;1974:1;1976:1;1978:1;1981:1;1984:1;1986:1;1989:1;1993:1;1994:1;1996:1;2003:1;2005:1;2006:1;2008:1;2009:1;2011:1;2013:1;2015:1;2016:1;2019:1;2020:1;2022:1;2025:1;2028:1;2029:1;2031:1;2033:1;2035:1;2038:1;},CCCCCC
2023-09-09 22:39:55.490865,357,1,0,{},RTTTTT
2023-09-09 22:39:56.492653,358,1,0,{},RTTTTT
2023-09-09 22:39:57.490731,359,1,0,{},RTTTTT
2023-09-09 22:39:58.490308,360,1,0,{},RTTTTT
2023-09-09 22:39:59.492667,361,1,0,{},RTTTTT
2023-09-09 22:40:00.490998,362,3,2,{197:1;652:1;1181:1;},CCRTTT
2023-09-09 22:40:01.491908,363,1,0,{},RTTTTT
2023-09-09 22:40:02.490548,364,1,0,{},RTTTTT
2023-09-09 22:40:03.492143,365,1,0,{},RTTTTT
2023-09-09 22:40:04.491145,366,1,0,{},RTTTTT
2023-09-09 22:40:05.491101,367,1,0,{},RTTTTT
2023-09-09 22:40:06.490850,368,1,0,{},RTTTTT
2023-09-09 22:40:07.491090,369,1,0,{},RTTTTT
2023-09-09 22:40:08.492064,370,1,0,{},RTTTTT
2023-09-09 22:40:09.491238,371,1,0,{},RTTTTT
2023-09-09 22:40:10.491385,372,1,0,{},RTTTTT
2023-09-09 22:40:11.491604,373,1,0,{},RTTTTT
2023-09-09 22:40:12.491201,374,1,0,{},RTTTTT
2023-09-09 22:40:13.491137,375,1,0,{},RTTTTT
2023-09-09 22:40:14.490293,376,1,0,{},RTTTTT
2023-09-09 22:40:15.490044,377,1,0,{},RTTTTT
2023-09-09 22:40:16.490265,378,1,0,{},RTTTTT
2023-09-09 22:40:17.490897,379,1,0,{},RTTTTT
2023-09-09 22:40:18.490771,380,1,0,{},RTTTTT
2023-09-09 22:40:19.490477,381,1,0,{},RTTTTT
2023-09-09 22:40:20.490882,382,1,0,{},RTTTTT
2023-09-09 22:40:21.490233,383,1,0,{},RTTTTT
2023-09-09 22:40:22.490129,384,1,0,{},RTTTTT
2023-09-09 22:40:23.490876,385,1,0,{},RTTTTT
2023-09-09 22:40:24.489982,386,6,6,{22:1;74:1;99:1;113:1;368:1;397:1;606:1;615:2;644:1;867:1;888:1;920:1;921:1;924:1;925:1;928:1;946:1;993:1;1014:1;1027:1;1028:1;1035:1;1038:1;1059:1;1073:1;1076:1;1077:1;1111:1;1114:1;1115:1;1119:1;1122:1;1123:1;1132:1;1159:1;1160:1;1174:1;1203:1;1207:1;1222:1;1347:1;1360:1;1363:1;1364:2;1389:1;1612:1;1618:1;1628:1;1641:2;1674:1;1703:1;1881:1;1885:1;1889:1;1913:1;1914:1;},CCCCCC
2023-09-09 22:40:25.489864,387,1,0,{},RTTTTT
2023-09-09 22:40:26.490452,388,1,0,{},RTTTTT
2023-09-09 22:40:27.490894,389,1,0,{},RTTTTT
2023-09-09 22:40:28.491313,390,1,0,{},RTTTTT
2023-09-09 22:40:29.490727,391,1,0,{},RTTTTT
2023-09-09 22:40:30.491054,392,1,0,{},RTTTTT
2023-09-09 22:40:31.491002,393,6,6,{8:1;9:1;11:1;14:1;17:1;19:1;22:1;25:1;27:1;31:1;32:1;34:1;37:1;38:1;45:1;49:1;50:1;53:1;54:1;56:1;60:1;61:1;62:1;64:1;70:2;73:1;78:1;80:1;83:1;84:1;87:1;91:2;93:1;95:1;98:1;99:2;103:1;104:2;116:1;117:1;119:1;120:1;121:1;122:1;123:1;124:1;126:1;127:1;128:2;131:1;132:1;133:1;136:1;140:1;141:1;142:1;144:1;145:1;146:1;148:1;149:1;150:1;152:1;155:1;156:1;159:3;161:1;164:1;167:1;171:1;173:1;176:1;178:1;179:1;181:1;183:1;188:1;190:1;191:1;192:1;195:1;200:1;201:1;203:1;205:1;211:1;214:1;216:1;218:2;220:1;227:1;229:1;232:1;234:1;239:1;241:1;243:1;244:1;251:1;253:1;255:1;258:1;261:1;263:1;266:1;272:1;275:1;277:1;279:1;280:1;282:1;285:1;289:1;290:1;291:1;299:1;301:1;304:2;306:1;310:2;313:1;316:1;317:1;318:2;319:1;320:1;321:2;325:1;326:1;329:2;332:1;336:1;338:1;340:1;341:1;342:2;345:1;349:1;351:1;353:1;355:1;356:1;357:1;359:1;361:1;362:2;368:1;369:1;375:1;377:1;378:2;381:1;382:1;385:1;387:1;388:1;390:1;394:1;396:1;397:1;400:1;401:1;403:1;405:1;406:1;407:1;408:1;411:1;413:1;414:1;416:1;418:1;420:1;422:1;424:1;425:1;426:1;431:1;433:1;444:1;445:1;447:1;451:1;453:1;455:1;456:1;458:1;460:1;463:1;468:1;472:1;474:1;476:1;479:1;480:1;483:1;488:1;490:1;492:1;496:1;498:1;500:1;502:1;508:1;515:1;517:1;519:1;520:1;524:1;528:1;530:1;532:1;536:1;537:1;540:1;541:1;547:1;548:1;550:1;552:1;554:1;556:1;557:1;563:2;565:1;566:1;568:1;570:1;571:1;573:1;575:1;581:1;582:1;589:1;591:2;593:1;594:1;595:1;597:1;598:2;601:1;602:1;603:4;605:1;607:1;609:1;611:1;612:1;614:1;615:2;616:1;625:1;632:1;634:1;636:1;638:1;639:1;642:1;643:1;645:1;646:1;651:1;652:1;654:1;655:1;656:1;657:1;662:1;664:1;666:1;667:1;668:1;671:1;673:1;674:1;675:1;677:1;680:1;681:1;684:1;687:1;692:1;693:1;697:1;698:1;701:1;704:1;706:1;707:1;710:1;716:1;717:1;723:1;726:1;729:1;734:1;735:1;736:1;738:1;740:1;743:1;744:1;745:1;747:1;751:1;753:1;757:1;760:1;763:1;766:1;770:1;773:1;779:1;781:1;784:1;786:1;788:1;793:1;798:1;801:1;802:1;803:1;807:1;809:1;810:1;812:1;814:1;817:1;821:1;826:1;827:1;829:1;831:1;841:1;843:1;844:1;851:1;860:1;861:1;862:2;864:2;868:1;870:1;874:1;876:1;877:1;878:1;880:1;881:1;883:1;887:1;889:1;890:1;894:1;895:2;898:1;899:1;900:1;901:1;909:1;910:1;913:1;915:1;917:1;919:1;920:1;922:1;924:1;925:1;928:1;929:1;931:1;932:1;934:2;935:1;936:1;938:1;943:1;944:1;945:1;947:1;951:1;952:1;954:1;955:1;957:1;963:1;965:1;966:1;968:1;973:1;974:1;975:1;978:1;979:1;981:1;985:1;991:1;993:1;995:1;998:1;999:1;1003:1;1007:1;1008:1;1015:1;1016:1;1018:1;1022:1;1025:1;1027:1;1029:1;1032:1;1034:1;1037:1;1041:1;1043:1;1045:1;1049:1;1050:1;1053:1;1058:1;1064:1;1066:1;1070:2;1073:1;1074:1;1089:1;1090:1;1092:1;1095:1;1097:1;1100:1;1101:1;1102:1;1103:1;1104:2;1107:1;1116:1;1121:1;1125:1;1127:1;1128:1;1130:1;1131:1;1141:1;1143:1;1147:1;1149:1;1152:1;1154:1;1160:1;1165:1;1166:1;1169:1;1172:1;1173:1;1174:1;1176:1;1178:1;1182:1;1183:1;1185:1;1186:1;1187:1;1190:1;1191:1;1192:1;1194:1;1200:1;1201:1;1202:1;1206:1;1210:1;1211:1;1215:1;1216:1;1218:1;1223:1;1226:1;1230:1;1232:1;1236:1;1238:1;1243:1;1245:1;1246:1;1250:1;1254:1;1256:1;1261:1;1264:1;1268:1;1272:1;1274:1;1276:1;1280:1;1283:1;1285:1;1286:1;1293:1;1296:1;1299:1;1302:1;1304:1;1306:1;1308:1;1310:1;1312:1;1313:1;1316:1;1317:1;1320:1;1323:1;1328:1;1329:1;1331:1;1333:1;1334:1;1336:2;1339:1;1340:2;1345:2;1348:1;1349:1;1350:1;1352:1;1353:1;1355:1;1356:1;1358:1;1359:1;1362:2;1364:1;1367:1;1368:3;1371:1;1374:1;1376:1;1377:1;1378:3;1383:1;1384:1;1385:2;1387:1;1389:1;1390:3;1391:1;1392:1;1393:1;1394:1;1397:1;1399:1;1401:1;1404:1;1405:1;1408:1;1411:1;1413:1;1414:1;1422:1;1431:1;1432:1;1433:1;1435:1;1440:1;1446:1;1449:1;1454:1;1455:1;1456:1;1458:1;1460:1;1461:1;1465:1;1467:1;1470:1;1473:1;1475:1;1477:1;1479:1;1482:1;1485:1;1490:1;1492:1;1494:1;1498:1;1501:1;1505:1;1508:1;1511:1;1519:1;1520:1;1522:1;1523:1;1525:1;1529:1;1531:1;1533:1;1538:1;1542:1;1544:1;1546:1;1548:1;1551:1;1553:1;1554:1;1555:1;1556:1;1561:1;1563:1;1568:1;1570:1;1572:1;1577:1;1583:1;1584:1;1586:1;1588:1;1590:1;1591:1;1597:1;1598:1;1601:1;1603:1;1604:2;1608:1;1610:2;1611:1;1612:1;1613:3;1616:5;1619:1;1620:1;1622:2;1625:1;1626:3;1628:2;1631:1;1632:1;1633:2;1637:1;1638:1;1643:1;1645:1;1651:1;1653:1;1656:1;1662:1;1663:1;1667:1;1670:1;1673:1;1675:1;1676:1;1678:1;1680:1;1685:1;1686:1;1687:1;1690:1;1694:1;1698:1;1701:1;1703:1;1704:1;1705:1;1706:1;1707:1;1710:1;1711:1;1712:1;1713:1;1717:1;1718:1;1722:1;1723:1;1726:1;1730:1;1734:1;1737:1;1741:1;1744:1;1746:1;1750:1;1752:1;1756:1;1759:1;1760:1;1763:1;1768:1;1772:1;1776:1;1777:1;1779:1;1782:1;1786:1;1790:1;1792:1;1793:1;1795:1;1798:1;1802:1;1805:2;1809:1;1811:1;1813:1;1819:1;1820:1;1825:1;1828:2;1831:1;1832:2;1836:1;1839:1;1841:2;1843:1;1848:3;1853:1;1855:1;1856:1;1857:1;1858:1;1860:1;1862:1;1863:1;1867:1;1868:1;1869:1;1871:2;1872:1;1878:1;1879:2;1880:1;1881:1;1882:1;1883:2;1885:1;1891:1;1892:1;1898:1;1900:1;1901:1;1903:2;1904:1;1905:2;1906:1;1907:1;1908:3;1914:1;1918:1;1919:1;1920:1;1924:1;1925:1;1927:1;1929:1;1933:1;1934:1;1935:1;1937:1;1938:1;1939:1;1941:1;1942:1;1945:1;1948:1;1949:1;1954:1;1956:1;1957:1;1962:1;1963:1;1964:1;1966:1;1969:1;1970:1;1972:1;1974:1;1977:1;1978:1;1980:1;1982:1;1987:1;1996:1;2000:1;2002:1;2003:1;2006:1;2008:1;2010:1;2011:1;2013:1;2017:1;2020:1;2022:1;2025:1;2031:1;2032:1;2034:1;2038:1;},CCCCCC
2023-09-09 22:40:32.490812,394,1,0,{},RTTTTT
2023-09-09 22:40:33.491008,395,1,0,{},RTTTTT
2023-09-09 22:40:34.491043,396,1,0,{},RTTTTT
2023-09-09 22:40:35.491350,397,1,0,{},RTTTTT
2023-09-09 22:40:36.492624,398,6,6,{102:1;127:1;146:1;152:1;420:1;534:1;601:1;602:1;639:1;649:1;650:1;677:1;678:1;692:1;801:1;806:1;882:1;1025:1;1041:1;1073:1;1102:1;1124:1;1128:1;1142:1;1143:1;1144:1;1159:1;1168:1;1243:1;1244:1;1288:1;1315:1;1319:1;1427:1;1528:1;1565:1;1581:1;1628:1;1641:1;1650:1;1693:1;1929:1;1930:1;},CCCCCC
2023-09-09 22:40:37.491087,399,1,0,{},RTTTTT
2023-09-09 22:40:38.492051,400,4,3,{165:1;198:1;252:1;376:1;416:1;589:1;966:1;971:1;1279:1;1485:1;1598:1;},CCCRTT
2023-09-09 22:40:39.490059,401,1,0,{},RTTTTT
2023-09-09 22:40:40.490437,402,1,0,{},RTTTTT
2023-09-09 22:40:41.491216,403,1,0,{},RTTTTT
2023-09-09 22:40:42.491513,404,6,6,{88:1;97:1;105:1;110:1;115:1;128:1;139:1;143:1;168:1;169:1;171:1;286:1;297:1;348:1;361:1;380:1;381:1;390:1;392:1;479:1;612:1;623:1;624:1;643:1;644:1;645:1;651:1;656:1;674:1;824:1;845:1;846:1;848:1;859:2;881:1;882:1;901:1;1100:1;1101:1;1120:1;1129:1;1130:1;1131:1;1135:1;1138:1;1139:1;1145:1;1157:1;1160:1;1199:1;1204:1;1372:2;1415:2;1419:1;1435:1;1445:1;1453:1;1457:1;1537:1;1608:1;1632:1;1639:1;1640:1;1643:1;1645:1;1657:1;1691:1;1703:1;1724:1;1873:1;1896:1;1919:1;1937:1;1938:1;1959:1;},CCCCCC
2023-09-09 22:40:43.491444,405,6,6,{19:1;26:1;50:1;57:1;121:1;128:1;142:1;143:1;158:1;247:1;252:1;260:1;261:1;265:1;271:1;275:1;285:1;296:1;324:1;331:1;354:1;370:2;374:1;375:1;397:2;408:1;458:1;462:1;477:1;482:1;493:1;494:1;501:1;517:1;525:1;529:1;531:1;534:1;541:1;548:1;552:1;565:1;576:1;578:1;579:1;585:1;591:1;601:1;613:1;624:1;653:1;654:1;668:1;672:1;676:2;730:1;746:1;749:1;760:1;762:1;771:1;781:1;798:1;807:1;813:1;822:1;937:1;990:1;1017:1;1030:1;1032:1;1039:1;1048:1;1050:1;1054:1;1060:1;1064:1;1083:1;1085:1;1096:1;1197:1;1208:1;1223:1;1284:1;1289:1;1295:1;1308:1;1310:1;1320:1;1348:1;1408:1;1414:1;1418:2;1461:1;1494:1;1521:1;1527:1;1531:1;1541:1;1546:1;1554:1;1560:1;1561:1;1564:1;1575:1;1578:1;1583:1;1596:1;1624:1;1632:1;1633:1;1649:1;1657:1;1665:1;1681:1;1704:1;1712:1;1728:1;1736:1;1738:1;1739:1;1741:1;1754:1;1761:2;1762:1;1763:1;1766:1;1785:1;1791:1;1800:1;1809:1;1819:1;1821:1;1825:1;1832:1;1842:1;1866:1;1919:1;1922:1;1939:1;2025:1;2034:1;},CCCCCC
2023-09-09 22:40:44.489554,406,1,0,{},RTTTTT
2023-09-09 22:40:45.490705,407,1,0,{},RTTTTT
2023-09-09 22:40:46.490455,408,1,0,{},RTTTTT
2023-09-09 22:40:47.490022,409,1,0,{},RTTTTT
2023-09-09 22:40:48.492233,410,6,6,{67:1;397:1;412:1;494:1;495:1;501:1;578:1;604:1;623:1;627:1;628:1;641:1;654:1;674:1;675:1;676:1;678:1;768:1;769:1;795:1;810:1;816:1;819:1;831:1;874:1;875:1;876:1;897:1;904:1;1073:1;1074:1;1105:1;1120:1;1288:1;1313:1;1324:1;1325:1;1380:1;1437:1;1438:1;1485:1;1552:1;1654:1;1655:1;1768:2;1769:1;1847:1;1880:2;1894:1;1904:1;1991:1;},CCCCCC
2023-09-09 22:40:49.490626,411,6,5,{57:1;67:1;68:1;346:2;355:2;367:2;379:1;428:1;522:1;584:1;585:1;606:1;616:1;622:1;624:1;660:1;669:1;680:1;690:1;704:1;763:1;843:1;865:1;866:1;869:1;887:1;926:1;1028:1;1108:1;1112:1;1157:1;1170:1;1201:1;1379:1;1386:1;1403:1;1471:1;1610:1;1613:1;1638:1;1694:1;1715:1;1718:1;1726:1;1879:1;1891:1;1895:2;1905:1;1955:2;},CCCCCR
2023-09-09 22:40:50.490388,412,1,0,{},RTTTTT
2023-09-09 22:40:51.490386,413,1,0,{},RTTTTT
2023-09-09 22:40:52.490391,414,1,0,{},RTTTTT
2023-09-09 22:40:53.490245,415,1,0,{},RTTTTT
2023-09-09 22:40:54.490182,416,1,0,{},RTTTTT
2023-09-09 22:40:55.490115,417,1,0,{},RTTTTT
2023-09-09 22:40:56.490517,418,1,0,{},RTTTTT
2023-09-09 22:40:57.490619,419,1,0,{},RTTTTT
2023-09-09 22:40:58.490028,420,1,0,{},RTTTTT
2023-09-09 22:40:59.489876,421,1,0,{},RTTTTT
2023-09-09 22:41:00.490514,422,1,0,{},RTTTTT
2023-09-09 22:41:01.491781,423,6,6,{66:1;67:1;72:1;83:1;84:1;90:1;101:1;102:1;103:1;104:2;111:1;112:2;113:1;114:1;124:1;127:1;129:2;130:1;131:1;132:2;133:1;138:1;155:1;158:1;159:1;161:1;170:1;171:1;172:1;173:1;174:1;179:1;181:1;182:1;203:1;207:2;213:1;374:1;378:2;381:1;389:2;392:1;397:1;419:1;431:1;462:1;549:1;616:1;617:1;618:1;624:1;625:1;641:2;650:1;659:1;660:1;669:1;670:1;676:1;678:1;679:1;702:1;710:1;716:1;830:1;831:1;856:1;870:1;871:1;880:1;881:1;884:1;885:1;886:2;889:1;896:1;907:1;914:1;916:1;917:1;923:1;938:1;945:1;965:1;1077:1;1082:1;1098:1;1112:2;1117:1;1121:1;1132:1;1139:1;1143:1;1159:1;1160:1;1161:1;1162:1;1167:1;1177:1;1188:1;1190:1;1220:1;1224:1;1365:1;1366:2;1367:1;1368:1;1369:1;1370:1;1379:1;1387:1;1392:1;1393:1;1402:1;1403:1;1413:1;1422:1;1428:1;1438:1;1439:1;1444:1;1456:1;1463:1;1468:1;1486:1;1487:1;1571:1;1624:1;1625:1;1628:1;1636:1;1642:2;1647:2;1651:1;1652:1;1653:1;1665:1;1666:1;1670:1;1675:1;1678:1;1679:1;1680:1;1697:1;1698:1;1708:1;1709:1;1714:1;1717:1;1731:1;1741:1;1742:1;1751:1;1872:1;1882:1;1888:1;1890:1;1891:1;1894:1;1895:1;1896:1;1897:1;1903:1;1906:1;1914:1;1919:1;1934:1;1935:1;1937:1;1943:1;1955:1;1966:1;1968:1;1977:1;},CCCCCC
2023-09-09 22:41:02.490693,424,1,0,{},RTTTTT
2023-09-09 22:41:03.490155,425,1,0,{},RTTTTT
2023-09-09 22:41:04.489910,426,1,0,{},RTTTTT
2023-09-09 22:41:05.490334,427,1,0,{},RTTTTT
2023-09-09 22:41:06.490659,428,1,0,{},RTTTTT
2023-09-09 22:41:07.491013,429,1,0,{},RTTTTT
2023-09-09 22:41:08.489744,430,1,0,{},RTTTTT
2023-09-09 22:41:09.490987,431,1,0,{},RTTTTT
2023-09-09 22:41:10.490245,432,1,0,{},RTTTTT
2023-09-09 22:41:11.490365,433,1,0,{},RTTTTT
2023-09-09 22:41:12.490292,434,1,0,{},RTTTTT
2023-09-09 22:41:13.490882,435,1,0,{},RTTTTT
2023-09-09 22:41:14.490526,436,1,0,{},RTTTTT
2023-09-09 22:41:15.489806,437,1,0,{},RTTTTT
2023-09-09 22:41:16.490168,438,1,0,{},RTTTTT
2023-09-09 22:41:17.489961,439,1,0,{},RTTTTT
2023-09-09 22:41:18.489115,440,1,0,{},RTTTTT
2023-09-09 22:41:19.490032,441,1,0,{},RTTTTT
2023-09-09 22:41:20.489652,442,1,0,{},RTTTTT
2023-09-09 22:41:21.490552,443,1,0,{},RTTTTT
2023-09-09 22:41:22.490093,444,1,0,{},RTTTTT
2023-09-09 22:41:23.491301,445,1,0,{},RTTTTT
2023-09-09 22:41:24.490708,446,1,0,{},RTTTTT
2023-09-09 22:41:25.490567,447,1,0,{},RTTTTT
2023-09-09 22:41:26.489672,448,1,0,{},RTTTTT
2023-09-09 22:41:27.492156,449,1,0,{},RTTTTT
2023-09-09 22:41:28.490610,450,1,0,{},RTTTTT
2023-09-09 22:41:29.490323,451,1,0,{},RTTTTT
2023-09-09 22:41:30.490014,452,6,6,{32:1;56:2;76:1;82:1;106:1;111:1;123:1;162:1;163:1;176:1;177:1;343:1;361:1;362:1;366:1;369:1;398:1;570:1;576:1;581:1;629:1;638:1;650:1;651:1;816:2;824:2;826:1;847:1;849:1;852:1;856:1;857:1;868:1;904:1;907:1;922:1;1026:1;1067:1;1068:1;1090:1;1100:2;1101:1;1112:1;1128:1;1143:1;1152:1;1186:1;1187:1;1259:1;1284:1;1285:1;1293:1;1319:1;1328:1;1330:1;1331:1;1332:1;1343:1;1351:1;1352:1;1374:1;1377:1;1382:1;1387:1;1392:1;1395:1;1399:1;1408:1;1411:1;1434:1;1551:1;1598:1;1602:1;1619:1;1700:1;1701:1;1835:1;1841:1;1847:1;1852:1;1853:1;1856:1;1857:1;1860:1;1872:2;1887:1;1889:1;1906:1;1918:1;},CCCCCC
2023-09-09 22:41:31.489793,453,5,4,{76:1;94:1;99:1;933:1;934:1;946:1;993:1;1534:1;1548:1;1610:1;1835:1;},CCCCRT
2023-09-09 22:41:32.490476,454,6,6,{87:1;95:1;96:2;100:1;103:1;106:1;116:1;121:1;125:2;131:1;136:1;182:1;190:1;198:1;330:1;331:1;351:1;358:1;359:1;363:1;367:1;368:2;373:1;377:1;378:1;386:2;392:1;407:2;413:1;417:1;421:1;425:2;437:1;446:1;606:1;611:1;612:1;614:1;615:1;617:1;622:2;628:1;645:1;661:1;664:1;679:1;681:1;854:1;855:1;856:1;860:1;868:2;869:1;873:1;882:2;890:1;901:1;902:1;904:1;923:1;924:1;929:1;933:1;939:1;948:1;952:1;956:1;967:1;1032:1;1033:1;1106:1;1129:1;1130:1;1134:2;1138:1;1141:1;1151:1;1157:1;1167:1;1180:1;1188:1;1201:1;1205:1;1332:1;1372:1;1377:1;1392:1;1411:1;1421:1;1438:1;1444:1;1462:2;1617:1;1627:2;1634:2;1635:1;1639:1;1642:1;1645:1;1651:1;1658:1;1659:1;1665:1;1679:1;1694:1;1701:1;1877:1;1882:2;1883:1;1887:1;1889:2;1899:2;1902:1;1903:1;1906:1;1909:1;1914:2;1925:2;1931:1;1933:1;1950:1;1958:1;1960:1;1963:1;},CCCCCC
2023-09-09 22:41:33.489483,455,1,0,{},RTTTTT
2023-09-09 22:41:34.490124,456,1,0,{},RTTTTT
2023-09-09 22:41:35.490251,457,1,0,{},RTTTTT
2023-09-09 22:41:36.490451,458,6,6,{19:1;245:1;443:1;475:1;503:1;547:1;588:1;589:1;596:1;597:1;622:1;641:1;656:1;668:1;760:1;929:1;1150:1;1495:1;1600:1;1601:1;1689:1;},CCCCCC
2023-09-09 22:41:37.490190,459,1,0,{},RTTTTT
2023-09-09 22:41:38.490091,460,1,0,{},RTTTTT
2023-09-09 22:41:39.489790,461,1,0,{},RTTTTT
2023-09-09 22:41:40.490543,462,1,0,{},RTTTTT
2023-09-09 22:41:41.490661,463,1,0,{},RTTTTT
2023-09-09 22:41:42.489592,464,1,0,{},RTTTTT
2023-09-09 22:41:43.488996,465,1,0,{},RTTTTT
2023-09-09 22:41:44.490626,466,1,0,{},RTTTTT
2023-09-09 22:41:45.489304,467,1,0,{},RTTTTT
2023-09-09 22:41:46.489168,468,1,0,{},RTTTTT
2023-09-09 22:41:47.489267,469,4,3,{230:1;404:1;853:1;866:1;1163:1;1455:1;},CCCHRT
2023-09-09 22:41:48.489503,470,1,0,{},RTTTTT
2023-09-09 22:41:49.488786,471,1,0,{},RTTTTT
2023-09-09 22:41:50.490841,472,1,0,{},RTTTTT
2023-09-09 22:41:51.490671,473,1,0,{},RTTTTT
2023-09-09 22:41:52.490161,474,1,0,{},RTTTTT
2023-09-09 22:41:53.490039,475,1,0,{},RTTTTT
2023-09-09 22:41:54.489632,476,1,0,{},RTTTTT
2023-09-09 22:41:55.490495,477,1,0,{},RTTTTT
2023-09-09 22:41:56.489464,478,1,0,{},RTTTTT
2023-09-09 22:41:57.490347,479,1,0,{},RTTTTT
2023-09-09 22:41:58.490189,480,1,0,{},RTTTTT
2023-09-09 22:41:59.489571,481,1,0,{},RTTTTT
2023-09-09 22:42:00.489250,482,1,0,{},RTTTTT
2023-09-09 22:42:01.489404,483,1,0,{},RTTTTT
2023-09-09 22:42:02.489325,484,4,4,{981:1;1012:1;1255:1;1615:1;},CHCCCE
2023-09-09 22:42:03.490585,485,1,0,{},RTTTTT
2023-09-09 22:42:04.489658,486,1,0,{},RTTTTT
2023-09-09 22:42:05.489850,487,1,0,{},RTTTTT
2023-09-09 22:42:06.489505,488,1,0,{},RTTTTT
2023-09-09 22:42:07.491604,489,1,0,{},RTTTTT
2023-09-09 22:42:08.490708,490,1,0,{},RTTTTT
2023-09-09 22:42:09.490486,491,1,0,{},RTTTTT
2023-09-09 22:42:10.491169,492,1,0,{},RTTTTT
2023-09-09 22:42:11.492231,493,5,5,{19:1;34:1;62:1;131:1;132:1;133:1;145:1;155:1;166:1;170:1;173:1;182:1;192:1;203:1;260:1;266:1;273:1;277:1;301:1;388:1;402:1;406:1;422:1;428:1;431:1;512:1;539:1;546:1;612:1;659:1;660:1;670:1;674:1;693:1;753:1;771:1;775:1;797:1;854:1;864:1;873:1;903:1;921:1;922:1;923:1;927:1;942:1;943:1;944:1;957:1;971:1;977:1;989:1;1032:1;1037:1;1038:1;1039:1;1042:1;1056:1;1062:1;1074:1;1163:1;1168:1;1179:1;1185:1;1189:1;1197:1;1206:1;1248:1;1293:1;1301:1;1330:1;1391:1;1421:1;1425:1;1429:1;1442:1;1447:1;1455:1;1460:1;1514:1;1533:1;1534:1;1553:1;1561:1;1562:1;1565:1;1570:1;1579:1;1581:1;1583:1;1586:1;1603:1;1620:1;1632:1;1646:1;1647:1;1664:1;1673:1;1684:1;1696:1;1697:1;1703:1;1752:1;1763:1;1784:1;1787:1;1791:1;1792:1;1795:1;1806:1;1807:1;1808:1;1809:2;1813:1;1826:1;1877:2;1915:1;1921:1;1937:1;1944:1;1950:1;1956:1;1957:1;1978:1;1981:1;1985:1;2015:1;2019:1;2033:1;},CCCCHC
2023-09-09 22:42:12.490408,494,1,0,{},RTTTTT
2023-09-09 22:42:13.490463,495,1,0,{},RTTTTT
2023-09-09 22:42:14.489914,496,1,0,{},RTTTTT
2023-09-09 22:42:15.489149,497,1,0,{},RTTTTT
2023-09-09 22:42:16.490631,498,6,6,{15:1;24:2;88:1;146:1;176:1;206:1;406:1;492:1;512:1;523:1;532:1;778:1;793:1;899:1;904:1;914:1;1002:1;1080:1;1152:1;1446:1;1528:1;1543:1;1557:1;1558:1;1615:1;1801:1;1935:1;},CCCCCC
2023-09-09 22:42:17.489355,499,1,0,{},RTTTTT
2023-09-09 22:42:18.489960,500,1,0,{},RTTTTT
2023-09-09 22:42:19.489657,501,1,0,{},RTTTTT
2023-09-09 22:42:20.489215,502,1,0,{},RTTTTT
2023-09-09 22:42:21.489673,503,1,0,{},RTTTTT
2023-09-09 22:42:22.489111,504,1,0,{},RTTTTT
2023-09-09 22:42:23.489824,505,1,0,{},RTTTTT
2023-09-09 22:42:24.490285,506,1,0,{},RTTTTT
2023-09-09 22:42:25.489106,507,1,0,{},RTTTTT
2023-09-09 22:42:26.490586,508,1,0,{},RTTTTT
2023-09-09 22:42:27.490101,509,1,0,{},RTTTTT
2023-09-09 22:42:28.490377,510,1,0,{},RTTTTT
2023-09-09 22:42:29.489952,511,1,0,{},RTTTTT
2023-09-09 22:42:30.490681,512,1,0,{},RTTTTT
2023-09-09 22:42:31.490871,513,6,5,{15:1;24:1;29:2;39:1;50:2;55:1;57:1;86:1;105:1;106:1;272:1;285:1;294:1;305:1;306:1;307:1;311:1;312:1;316:1;322:1;344:1;366:1;400:1;438:1;445:1;515:1;530:1;536:2;557:1;562:1;573:1;575:1;778:1;784:1;801:1;805:1;809:1;818:1;822:1;825:1;837:1;873:1;1036:1;1048:1;1051:1;1059:1;1064:1;1065:1;1068:2;1115:1;1128:1;1272:1;1297:1;1307:1;1339:1;1340:1;1341:1;1361:1;1367:2;1389:1;1392:1;1536:1;1544:2;1555:1;1561:1;1562:1;1564:1;1569:1;1576:1;1618:1;1789:1;1790:1;1794:1;1802:1;1815:1;1821:1;1829:1;},CCCCCR
2023-09-09 22:42:32.489804,514,1,0,{},RTTTTT
2023-09-09 22:42:33.488933,515,1,0,{},RTTTTT
2023-09-09 22:42:34.489028,516,1,0,{},RTTTTT
2023-09-09 22:42:35.491095,517,6,6,{112:1;124:1;125:1;140:1;147:1;152:1;268:1;269:1;336:1;626:1;646:1;679:1;688:1;697:1;718:1;837:1;838:1;862:1;876:1;922:1;926:1;938:1;1012:1;1196:1;1199:1;1264:1;1265:1;1269:1;1290:1;1386:1;1419:1;1430:1;1434:1;1443:1;1646:1;1713:1;1726:1;1888:1;1922:1;1955:1;2015:1;},CCCCCC
2023-09-09 22:42:36.489996,518,1,0,{},RTTTTT
2023-09-09 22:42:37.489495,519,1,0,{},RTTTTT
2023-09-09 22:42:38.490762,520,1,0,{},RTTTTT
2023-09-09 22:42:39.490023,521,1,0,{},RTTTTT
2023-09-09 22:42:40.489646,522,6,6,{89:1;99:1;101:1;102:1;111:1;128:1;130:1;133:2;143:1;146:1;147:1;148:1;153:1;154:1;156:1;159:1;162:1;164:1;165:1;169:1;172:1;175:1;176:1;179:1;180:1;183:1;187:1;190:1;193:1;196:1;201:1;206:1;212:1;221:1;222:1;227:1;242:1;255:1;361:1;363:1;364:1;366:1;380:1;381:1;382:1;383:1;384:1;390:1;391:1;392:1;397:1;398:1;399:1;407:1;410:1;415:1;417:1;419:1;421:1;427:1;428:1;429:1;432:1;440:1;449:1;452:1;461:1;462:1;464:1;470:1;482:1;494:1;594:1;603:1;609:1;610:1;611:1;613:1;614:1;616:1;617:1;620:1;621:1;630:1;631:1;636:1;640:1;645:1;648:1;653:1;657:1;671:1;672:1;674:1;675:1;676:1;679:1;680:1;681:1;682:1;684:1;697:1;699:1;707:1;710:1;730:1;747:1;830:1;841:1;864:1;869:1;876:1;877:1;888:1;889:1;893:2;898:1;899:1;908:1;909:1;910:1;913:1;914:1;916:1;917:1;919:1;926:1;928:1;932:1;936:1;941:1;945:1;947:1;954:1;956:1;966:1;983:1;991:1;995:1;996:1;1016:1;1017:1;1018:1;1067:1;1068:1;1096:1;1109:1;1110:1;1111:1;1118:1;1119:1;1123:1;1126:1;1132:2;1134:1;1135:1;1136:1;1137:1;1141:1;1142:1;1144:1;1146:1;1149:1;1152:1;1153:1;1155:1;1159:1;1160:1;1161:1;1164:1;1168:1;1170:1;1175:1;1177:1;1181:1;1184:1;1186:1;1187:1;1188:1;1197:1;1199:1;1206:1;1208:1;1210:1;1220:1;1221:1;1230:1;1231:1;1233:1;1236:1;1247:1;1255:1;1292:1;1361:1;1373:1;1375:1;1377:1;1385:1;1386:1;1393:1;1398:1;1404:1;1408:1;1409:1;1413:1;1414:1;1416:1;1426:1;1430:1;1431:1;1437:1;1439:1;1440:1;1443:1;1453:1;1456:1;1458:1;1459:1;1461:1;1462:1;1463:1;1480:1;1482:1;1484:1;1487:1;1488:1;1492:1;1493:1;1502:1;1503:1;1509:1;1510:1;1528:1;1612:1;1617:1;1624:1;1627:1;1628:1;1629:1;1636:1;1639:1;1640:1;1643:1;1644:1;1645:1;1647:1;1658:1;1659:1;1663:1;1664:1;1668:2;1672:1;1673:1;1674:1;1675:1;1677:1;1679:1;1680:1;1681:1;1682:1;1688:1;1690:1;1691:1;1692:1;1693:2;1696:1;1701:1;1703:1;1704:1;1707:1;1709:1;1716:1;1718:1;1719:1;1720:1;1730:1;1733:2;1739:1;1746:1;1751:1;1752:1;1874:1;1877:1;1878:1;1879:1;1880:1;1881:1;1882:1;1888:1;1895:1;1899:1;1900:1;1901:1;1910:1;1911:1;1912:1;1923:1;1931:1;1932:1;1942:1;1943:1;1946:1;1948:1;1951:1;1952:1;1953:1;1956:1;1957:1;1961:1;1962:1;1963:1;1964:1;1970:1;1971:1;1972:1;1973:1;1975:1;1976:1;1982:1;1983:1;1989:1;1990:1;1998:1;2009:1;2014:1;},CCCCCC
2023-09-09 22:42:41.489967,523,1,0,{},RTTTTT
2023-09-09 22:42:42.489380,524,1,0,{},RTTTTT
2023-09-09 22:42:43.490348,525,1,0,{},RTTTTT
2023-09-09 22:42:44.490248,526,1,0,{},RTTTTT
2023-09-09 22:42:45.487879,527,1,0,{},RTTTTT
2023-09-09 22:42:46.488936,528,1,0,{},RTTTTT
2023-09-09 22:42:47.489554,529,1,0,{},RTTTTT
2023-09-09 22:42:48.488413,530,1,0,{},RTTTTT
2023-09-09 22:42:49.488666,531,1,0,{},RTTTTT
2023-09-09 22:42:50.489317,532,1,0,{},RTTTTT
2023-09-09 22:42:51.489455,533,1,0,{},RTTTTT
2023-09-09 22:42:52.490174,534,1,0,{},RTTTTT
2023-09-09 22:42:53.489611,535,1,0,{},RTTTTT
2023-09-09 22:42:54.489405,536,1,0,{},RTTTTT
2023-09-09 22:42:55.488988,537,1,0,{},RTTTTT
2023-09-09 22:42:56.489571,538,1,0,{},RTTTTT
2023-09-09 22:42:57.490215,539,1,0,{},RTTTTT
2023-09-09 22:42:58.490219,540,1,0,{},RTTTTT
2023-09-09 22:42:59.490547,541,6,6,{27:1;208:1;254:1;266:1;418:1;517:1;692:1;787:1;972:1;991:1;1038:1;1231:1;1549:1;1794:1;1812:1;1924:1;},CCCCCC
2023-09-09 22:43:00.490351,542,1,0,{},RTTTTT
2023-09-09 22:43:01.490377,543,1,0,{},RTTTTT
2023-09-09 22:43:02.489971,544,1,0,{},RTTTTT
2023-09-09 22:43:03.489491,545,1,0,{},RTTTTT
2023-09-09 22:43:04.490254,546,2,1,{45:1;563:1;1778:1;1892:1;},HCRTTT
2023-09-09 22:43:05.489314,547,1,0,{},RTTTTT
2023-09-09 22:43:06.490548,548,6,6,{19:1;504:1;542:1;739:1;802:1;853:1;940:1;1027:1;1153:1;1197:1;1201:1;1326:1;1703:1;1912:1;},CCCCCC
2023-09-09 22:43:07.491265,549,1,0,{},RTTTTT
2023-09-09 22:43:08.489296,550,1,0,{},RTTTTT
2023-09-09 22:43:09.489785,551,1,0,{},RTTTTT
2023-09-09 22:43:10.489869,552,1,0,{},RTTTTT
2023-09-09 22:43:11.490008,553,1,0,{},RTTTTT
2023-09-09 22:43:12.489181,554,1,0,{},RTTTTT
2023-09-09 22:43:13.490458,555,1,0,{},RTTTTT
2023-09-09 22:43:14.491439,556,1,0,{},RTTTTT
2023-09-09 22:43:15.491191,557,1,0,{},RTTTTT
2023-09-09 22:43:16.490548,558,1,0,{},RTTTTT
2023-09-09 22:43:17.490444,559,1,0,{},RTTTTT
2023-09-09 22:43:18.490251,560,1,0,{},RTTTTT
2023-09-09 22:43:19.489398,561,1,0,{},RTTTTT
2023-09-09 22:43:20.489152,562,1,0,{},RTTTTT
2023-09-09 22:43:21.490129,563,1,0,{},RTTTTT
2023-09-09 22:43:22.489784,564,1,0,{},RTTTTT
2023-09-09 22:43:23.488838,565,1,0,{},RTTTTT
2023-09-09 22:43:24.489088,566,1,0,{},RTTTTT
2023-09-09 22:43:25.489398,567,1,0,{},RTTTTT
2023-09-09 22:43:26.490058,568,1,0,{},RTTTTT
2023-09-09 22:43:27.489381,569,5,5,{20:1;28:1;34:1;44:1;48:1;49:1;50:1;53:1;58:1;59:1;63:1;67:1;68:1;70:1;71:1;72:1;76:1;77:1;78:1;79:1;83:1;87:1;89:1;90:1;92:1;93:1;94:1;95:1;98:1;99:2;100:2;101:2;102:1;104:1;105:1;106:1;114:1;116:1;117:1;118:1;119:1;129:1;148:1;149:1;150:1;157:1;158:1;184:1;196:1;197:1;211:1;227:1;228:1;244:1;264:1;266:1;267:1;272:1;291:1;292:1;293:1;297:1;301:1;317:1;318:1;319:1;320:1;325:1;326:1;327:1;332:1;333:1;336:1;347:1;348:1;349:1;351:1;355:1;366:1;375:1;378:1;379:1;380:1;382:1;387:1;393:1;394:1;395:1;396:1;397:1;398:1;399:1;409:1;424:1;429:1;430:1;447:1;448:1;478:1;491:1;492:1;523:1;532:1;533:1;537:1;538:1;540:1;546:1;554:1;558:1;559:2;563:1;568:1;584:2;585:1;591:1;596:1;597:1;598:1;599:1;603:1;606:1;608:1;609:2;610:1;613:1;614:2;615:1;616:1;617:1;623:1;626:1;627:1;632:1;633:1;634:1;635:1;636:1;658:1;671:1;685:1;688:1;689:1;692:1;696:1;707:1;709:1;711:1;718:1;719:1;722:1;724:1;725:1;741:1;742:1;745:1;754:1;755:1;761:1;764:1;766:1;770:1;771:1;772:1;776:1;777:1;781:1;782:1;783:1;784:1;797:1;798:1;803:1;815:1;822:2;824:1;825:1;832:1;833:1;838:1;840:1;841:1;848:1;849:1;850:1;851:1;852:1;853:2;856:1;857:1;858:1;859:2;860:1;863:1;870:1;871:1;872:1;873:1;874:1;877:1;882:1;883:1;886:1;887:1;909:1;912:1;915:1;918:1;922:1;923:1;927:1;933:1;952:1;953:1;960:1;968:1;969:1;970:1;978:1;992:1;997:1;1010:1;1025:1;1028:1;1032:1;1036:1;1040:1;1042:1;1043:1;1048:1;1052:1;1054:1;1059:1;1062:1;1063:1;1068:1;1069:1;1070:1;1075:1;1076:1;1077:1;1078:1;1079:1;1080:1;1081:1;1084:1;1088:2;1095:1;1096:1;1097:1;1098:1;1099:1;1100:2;1101:1;1102:1;1103:3;1104:1;1106:1;1107:1;1109:1;1110:1;1111:1;1112:1;1113:1;1114:1;1115:1;1118:1;1120:1;1121:1;1124:1;1125:1;1126:1;1127:1;1139:1;1140:1;1160:1;1162:1;1163:1;1168:1;1172:1;1176:1;1182:1;1198:1;1199:1;1200:1;1204:1;1205:1;1216:1;1217:1;1240:1;1250:1;1251:1;1256:1;1259:1;1269:1;1270:1;1279:1;1286:1;1298:1;1305:1;1306:1;1320:1;1321:1;1324:1;1325:1;1330:1;1333:1;1334:1;1340:1;1343:1;1344:1;1345:1;1346:1;1349:1;1350:1;1355:1;1358:1;1359:1;1369:1;1372:1;1373:1;1374:1;1375:1;1376:1;1377:1;1395:1;1397:1;1398:1;1412:1;1414:1;1415:1;1417:1;1437:1;1438:1;1447:1;1448:1;1454:1;1470:1;1471:1;1475:1;1533:1;1539:1;1555:1;1556:1;1563:1;1564:1;1567:1;1569:1;1575:2;1586:1;1587:1;1593:1;1595:1;1597:1;1598:1;1603:1;1604:1;1605:1;1606:1;1610:1;1611:1;1614:1;1617:1;1618:1;1622:1;1623:1;1628:1;1629:2;1630:2;1631:2;1632:1;1640:1;1641:1;1656:1;1658:1;1662:1;1664:1;1677:1;1696:1;1697:1;1708:1;1709:1;1714:1;1736:1;1743:1;1754:1;1755:1;1765:1;1766:1;1794:1;1811:1;1812:1;1816:1;1817:1;1818:1;1820:1;1824:1;1825:1;1826:1;1827:1;1831:1;1832:1;1836:1;1843:1;1844:1;1848:1;1849:1;1856:1;1864:1;1866:1;1869:1;1870:1;1871:1;1875:1;1876:1;1878:1;1879:1;1889:1;1893:1;1894:1;1896:1;1897:2;1898:2;1899:2;1900:1;1902:1;1910:1;1912:1;1913:1;1914:1;1915:1;1917:1;1922:1;1932:1;1948:1;1966:1;1969:1;1980:1;1988:1;1994:1;1997:1;2005:1;2012:1;2021:1;2022:1;2036:1;2038:1;},CCCCHC
2023-09-09 22:43:28.489258,570,1,0,{},RTTTTT
2023-09-09 22:43:29.488594,571,1,0,{},RTTTTT
2023-09-09 22:43:30.488934,572,1,0,{},RTTTTT
2023-09-09 22:43:31.491058,573,1,0,{},RTTTTT
2023-09-09 22:43:32.489661,574,1,0,{},RTTTTT
2023-09-09 22:43:33.489027,575,1,0,{},RTTTTT
2023-09-09 22:43:34.489669,576,6,5,{133:1;134:1;219:1;267:1;479:1;560:1;575:1;898:1;899:1;1236:1;1262:1;1531:1;1673:1;1674:1;1767:1;1813:1;1814:1;},CCCCCR
2023-09-09 22:43:35.489210,577,1,0,{},RTTTTT
2023-09-09 22:43:36.489663,578,1,0,{},RTTTTT
2023-09-09 22:43:37.489326,579,1,0,{},RTTTTT
2023-09-09 22:43:38.489125,580,1,0,{},RTTTTT
2023-09-09 22:43:39.489325,581,1,0,{},RTTTTT
2023-09-09 22:43:40.489165,582,1,0,{},RTTTTT
2023-09-09 22:43:41.489371,583,5,4,{20:1;90:1;108:1;121:1;125:1;126:1;149:1;171:1;172:1;173:1;185:1;354:1;355:1;371:1;377:1;389:1;390:1;401:1;425:1;624:1;632:1;653:1;656:1;792:1;793:1;867:1;872:1;873:1;886:1;888:1;889:1;921:1;954:1;955:1;956:1;975:1;1084:1;1096:1;1108:1;1118:1;1144:1;1232:1;1378:1;1379:1;1399:1;1410:1;1441:1;1442:1;1515:1;1626:1;1644:1;1648:1;1653:1;1663:1;1664:1;1668:1;1679:1;1685:1;1701:1;1952:1;},HCCCCR
2023-09-09 22:43:42.510315,584,1,0,{},RTTTTT
2023-09-09 22:43:43.489636,585,1,0,{},RTTTTT
2023-09-09 22:43:44.490576,586,3,2,{37:1;53:1;62:1;63:1;66:1;70:1;73:1;84:1;86:1;93:1;95:1;98:1;101:1;102:1;105:1;108:1;118:1;124:1;130:1;132:1;133:1;136:1;154:1;168:1;169:1;177:1;179:1;189:1;197:1;203:1;204:1;205:1;208:1;213:1;217:1;222:1;226:1;230:1;234:1;237:1;243:1;252:1;254:1;255:1;264:1;268:1;272:1;286:1;288:1;303:1;322:1;336:1;341:1;353:1;360:1;367:1;380:1;381:1;390:1;416:1;419:1;420:1;451:1;456:1;459:1;463:1;472:1;482:1;501:1;512:1;513:1;516:1;527:1;536:1;537:1;538:1;539:1;540:1;543:1;547:1;560:1;567:1;582:1;585:1;604:1;617:1;621:1;629:1;630:1;631:1;645:1;656:1;660:1;666:1;671:1;673:1;674:1;684:1;689:1;690:1;708:1;715:1;726:1;730:1;731:1;754:1;755:1;756:1;757:1;758:1;762:1;767:1;791:1;802:1;822:1;827:1;839:1;842:1;870:1;877:1;882:1;885:1;895:1;896:1;914:1;918:1;921:1;930:1;946:1;951:1;956:1;964:1;967:1;982:1;985:1;993:1;994:1;996:1;1010:1;1012:1;1021:1;1041:1;1056:1;1057:1;1062:1;1066:1;1077:1;1079:1;1090:1;1096:1;1113:1;1122:1;1137:1;1144:1;1146:1;1150:1;1163:1;1168:1;1169:1;1172:1;1178:1;1184:1;1199:1;1200:1;1219:1;1220:1;1226:1;1250:1;1251:1;1255:1;1257:1;1258:1;1263:1;1272:1;1296:1;1297:1;1305:1;1323:1;1336:1;1341:1;1342:1;1345:1;1350:1;1351:1;1357:1;1368:1;1411:1;1418:1;1419:1;1423:1;1450:1;1465:1;1469:1;1484:1;1488:1;1500:1;1516:1;1537:1;1543:1;1547:1;1548:1;1563:1;1586:1;1598:1;1599:1;1627:1;1629:1;1630:1;1653:1;1654:1;1655:1;1667:1;1670:1;1679:1;1686:1;1696:1;1697:1;1706:1;1736:1;1739:1;1749:1;1750:1;1751:1;1764:1;1765:1;1769:2;1789:1;1809:1;1836:1;1837:1;1842:1;1843:1;1852:1;1856:1;1861:1;1870:1;1880:1;1881:1;1882:1;1895:1;1908:1;1909:1;1920:1;1925:1;1951:1;1952:1;1960:1;1961:1;1967:1;1969:1;1970:1;1976:1;1985:1;1988:1;2017:1;2025:1;2029:1;2030:1;2032:1;2033:1;},CCRTTT
2023-09-09 22:43:45.488916,587,1,0,{},RTTTTT
2023-09-09 22:43:46.489037,588,1,0,{},RTTTTT
2023-09-09 22:43:47.490023,589,1,0,{},RTTTTT
2023-09-09 22:43:48.489175,590,1,0,{},RTTTTT
2023-09-09 22:43:49.489541,591,1,0,{},RTTTTT
2023-09-09 22:43:50.489061,592,1,0,{},RTTTTT
2023-09-09 22:43:51.488163,593,1,0,{},RTTTTT
2023-09-09 22:43:52.489369,594,1,0,{},RTTTTT
2023-09-09 22:43:53.489325,595,1,0,{},RTTTTT
2023-09-09 22:43:54.489472,596,1,0,{},RTTTTT
2023-09-09 22:43:55.489930,597,1,0,{},RTTTTT
2023-09-09 22:43:56.488855,598,1,0,{},RTTTTT
2023-09-09 22:43:57.489293,599,1,0,{},RTTTTT
