Timestamp,ROUND,N_RX,N_ERR_PKTS,BV_COUNT,BV_SCS_FLAG,ERRS,SLOTS
2023-08-21 23:57:47.440145,60,1,0,0,-1,{},HRTTTT
2023-08-21 23:57:48.440815,61,1,0,0,-1,{},RTTTTT
2023-08-21 23:57:49.440415,62,2,1,1,-1,{136:1;137:1;144:1;146:1;149:1;150:1;152:1;154:1;156:1;159:1;160:1;163:1;164:1;166:1;171:1;172:1;175:1;},CRTTTT
2023-08-21 23:57:50.440543,63,1,0,1,-1,{},RTTTTT
2023-08-21 23:57:51.440478,64,1,0,1,-1,{},RTTTTT
2023-08-21 23:57:52.439770,65,1,0,0,-1,{},RTTTTT
2023-08-21 23:57:53.440121,66,1,0,0,-1,{},RTTTTT
2023-08-21 23:57:54.441613,67,1,0,0,-1,{},RTTTTT
2023-08-21 23:57:55.439964,68,1,0,0,-1,{},RTTTTT
2023-08-21 23:57:56.441318,69,1,0,0,-1,{},RTTTTT
2023-08-21 23:57:57.441860,70,1,0,0,-1,{},RTTTTT
2023-08-21 23:57:58.440335,71,1,0,0,-1,{},RTTTTT
2023-08-21 23:57:59.440747,72,2,1,1,-1,{515:1;517:1;518:1;520:1;526:1;527:1;533:1;535:1;536:1;537:1;538:1;539:1;540:1;542:1;543:1;544:1;545:1;548:1;550:1;551:1;557:1;558:1;559:1;},CRTTTT
2023-08-21 23:58:00.439816,73,1,0,1,-1,{},RTTTTT
2023-08-21 23:58:01.440325,74,1,0,0,-1,{},RTTTTT
2023-08-21 23:58:02.441537,75,2,1,1,-1,{217:1;224:1;226:1;228:1;231:1;234:1;236:1;239:1;},CRTTTT
2023-08-21 23:58:03.440711,76,2,1,2,-1,{35:1;37:1;40:1;41:1;43:1;44:1;46:1;49:1;50:1;51:1;53:1;54:1;55:1;58:1;60:1;62:1;63:1;64:1;65:1;66:1;67:1;68:1;70:1;71:1;75:1;79:1;},CRTTTT
2023-08-21 23:58:04.440810,77,1,0,0,-1,{},RTTTTT
2023-08-21 23:58:05.440568,78,1,0,0,-1,{},HRTTTT
2023-08-21 23:58:06.441217,79,2,1,1,-1,{496:1;498:1;499:1;500:1;501:1;503:1;506:1;508:1;511:1;512:1;513:1;514:1;517:1;520:1;521:1;523:1;525:1;528:1;529:1;532:1;533:1;535:1;541:1;542:1;},CRTTTT
2023-08-21 23:58:07.440383,80,1,0,0,-1,{},RTTTTT
2023-08-21 23:58:08.440269,81,1,0,0,-1,{},RTTTTT
2023-08-21 23:58:09.440761,82,1,0,0,-1,{},RTTTTT
2023-08-21 23:58:10.440754,83,1,0,0,-1,{},RTTTTT
2023-08-21 23:58:11.442089,84,1,0,0,-1,{},RTTTTT
2023-08-21 23:58:12.439952,85,1,0,0,-1,{},RTTTTT
2023-08-21 23:58:13.440856,86,1,0,0,-1,{},RTTTTT
2023-08-21 23:58:14.442702,87,1,0,0,-1,{},RTTTTT
2023-08-21 23:58:15.443283,88,1,0,0,-1,{},RTTTTT
2023-08-21 23:58:16.440791,89,2,1,1,-1,{16:1;19:1;22:1;24:1;25:1;28:1;29:1;34:1;35:1;37:1;52:1;},CRTTTT
2023-08-21 23:58:17.441112,90,2,1,2,-1,{308:1;309:1;310:1;322:1;323:1;324:1;},CRTTTT
2023-08-21 23:58:18.440751,91,1,0,2,-1,{},RTTTTT
2023-08-21 23:58:19.440533,92,2,1,1,-1,{152:1;153:1;154:1;156:1;157:1;160:1;163:1;164:1;166:1;167:1;169:1;171:1;172:1;174:1;175:1;177:1;179:1;180:1;181:1;183:1;184:1;187:1;190:1;191:1;195:1;196:1;197:1;199:1;},CRTTTT
2023-08-21 23:58:20.440308,93,1,0,1,-1,{},RTTTTT
2023-08-21 23:58:21.440964,94,1,0,1,-1,{},HRTTTT
2023-08-21 23:58:22.440425,95,1,0,0,-1,{},RTTTTT
2023-08-21 23:58:23.440519,96,1,0,0,-1,{},RTTTTT
2023-08-21 23:58:24.440148,97,1,0,0,-1,{},RTTTTT
2023-08-21 23:58:25.440259,98,1,0,0,-1,{},RTTTTT
2023-08-21 23:58:26.440621,99,1,0,0,-1,{},RTTTTT
2023-08-21 23:58:27.440139,100,1,0,0,-1,{},RTTTTT
2023-08-21 23:58:28.440800,101,1,0,0,-1,{},RTTTTT
2023-08-21 23:58:29.440681,102,1,0,0,-1,{},RTTTTT
2023-08-21 23:58:30.441655,103,2,1,1,-1,{193:1;194:1;196:1;202:1;205:1;206:1;215:1;},CRTTTT
2023-08-21 23:58:31.441099,104,2,1,1,-1,{112:1;127:1;142:1;144:1;145:1;496:1;510:1;511:1;512:1;513:1;516:1;519:1;},CRTTTT
2023-08-21 23:58:32.440820,105,1,0,1,-1,{},RTTTTT
2023-08-21 23:58:33.440630,106,1,0,1,-1,{},HRTTTT
2023-08-21 23:58:34.440116,107,1,0,0,-1,{},RTTTTT
2023-08-21 23:58:35.440638,108,2,1,1,-1,{304:1;316:1;317:1;318:1;320:1;333:1;},CRTTTT
2023-08-21 23:58:36.440578,109,1,0,1,-1,{},RTTTTT
2023-08-21 23:58:37.440882,110,1,0,0,-1,{},RTTTTT
2023-08-21 23:58:38.440108,111,1,0,0,-1,{},RTTTTT
2023-08-21 23:58:39.439960,112,1,0,0,-1,{},RTTTTT
2023-08-21 23:58:40.440706,113,1,0,0,-1,{},RTTTTT
2023-08-21 23:58:41.441142,114,1,0,0,-1,{},RTTTTT
2023-08-21 23:58:42.440810,115,1,0,0,-1,{},RTTTTT
2023-08-21 23:58:43.441057,116,1,0,0,-1,{},RTTTTT
2023-08-21 23:58:44.441140,117,1,0,0,-1,{},RTTTTT
2023-08-21 23:58:45.441438,118,1,0,0,-1,{},RTTTTT
2023-08-21 23:58:46.440510,119,1,0,0,-1,{},RTTTTT
2023-08-21 23:58:47.441221,120,1,0,0,-1,{},RTTTTT
2023-08-21 23:58:48.440603,121,2,1,1,-1,{49:1;52:1;53:1;55:1;59:1;60:1;61:1;63:1;65:1;66:1;},CRTTTT
2023-08-21 23:58:49.440543,122,1,0,0,-1,{},RTTTTT
2023-08-21 23:58:50.440564,123,2,1,1,-1,{232:1;233:1;241:1;245:1;246:1;253:1;254:1;255:1;258:1;259:1;263:1;264:1;266:1;267:1;268:1;272:1;274:1;276:1;},CRTTTT
2023-08-21 23:58:51.441752,124,1,0,1,-1,{},RTTTTT
2023-08-21 23:58:52.440945,125,1,0,0,-1,{},RTTTTT
2023-08-21 23:58:53.441567,126,1,0,0,-1,{},RTTTTT
2023-08-21 23:58:54.442002,127,1,0,0,-1,{},RTTTTT
2023-08-21 23:58:55.440995,128,1,0,0,-1,{},RTTTTT
2023-08-21 23:58:56.440841,129,1,0,0,-1,{},RTTTTT
2023-08-21 23:58:57.440790,130,1,0,0,-1,{},RTTTTT
2023-08-21 23:58:58.440814,131,2,1,1,-1,{},CRTTTT
2023-08-21 23:58:59.440562,132,1,0,1,-1,{},RTTTTT
2023-08-21 23:59:00.442185,133,2,1,2,-1,{530:1;539:1;540:1;541:1;544:1;545:1;548:1;551:1;552:1;553:1;554:1;557:1;558:1;559:1;560:1;561:1;565:1;566:1;567:1;575:1;},CRTTTT
2023-08-21 23:59:01.440987,134,1,0,0,-1,{},RTTTTT
2023-08-21 23:59:02.441455,135,2,1,1,-1,{408:1;411:1;412:1;413:1;414:1;418:1;419:1;420:1;423:1;424:1;426:1;428:1;431:1;432:1;435:1;436:1;437:1;438:1;444:1;445:1;},CRTTTT
2023-08-21 23:59:03.440953,136,2,1,2,-1,{108:1;109:1;121:1;128:1;131:1;132:1;134:1;140:1;141:1;},CRTTTT
2023-08-21 23:59:04.441365,137,1,0,0,-1,{},RTTTTT
2023-08-21 23:59:05.440832,138,2,1,1,-1,{579:1;580:1;},CRTTTT
2023-08-21 23:59:06.440777,139,1,0,1,-1,{},RTTTTT
2023-08-21 23:59:07.442064,140,1,0,0,-1,{},RTTTTT
2023-08-21 23:59:08.441459,141,1,0,0,-1,{},RTTTTT
2023-08-21 23:59:09.441949,142,1,0,0,-1,{},RTTTTT
2023-08-21 23:59:10.441522,143,1,0,0,-1,{},RTTTTT
2023-08-21 23:59:11.441485,144,1,0,0,-1,{},RTTTTT
2023-08-21 23:59:12.441313,145,1,0,0,-1,{},RTTTTT
2023-08-21 23:59:13.442154,146,2,1,1,-1,{184:1;185:1;187:1;188:1;189:1;190:1;191:1;193:1;198:1;199:1;200:1;201:1;203:1;208:1;209:1;210:1;215:1;216:1;217:1;220:1;221:1;223:1;229:1;230:1;},CRTTTT
2023-08-21 23:59:14.441836,147,1,0,1,-1,{},RTTTTT
2023-08-21 23:59:15.441330,148,1,0,1,-1,{},RTTTTT
2023-08-21 23:59:16.441252,149,1,0,0,-1,{},RTTTTT
2023-08-21 23:59:17.440691,150,1,0,0,-1,{},RTTTTT
2023-08-21 23:59:18.441268,151,1,0,0,-1,{},RTTTTT
2023-08-21 23:59:19.442495,152,1,0,0,-1,{},RTTTTT
2023-08-21 23:59:20.441702,153,1,0,0,-1,{},RTTTTT
2023-08-21 23:59:21.441346,154,1,0,0,-1,{},RTTTTT
2023-08-21 23:59:22.441303,155,1,0,0,-1,{},RTTTTT
2023-08-21 23:59:23.441392,156,1,0,0,-1,{},RTTTTT
2023-08-21 23:59:24.441812,157,1,0,0,-1,{},RTTTTT
2023-08-21 23:59:25.441460,158,1,0,0,-1,{},RTTTTT
2023-08-21 23:59:26.440935,159,1,0,0,-1,{},RTTTTT
2023-08-21 23:59:27.440777,160,2,1,1,-1,{64:1;65:1;68:1;69:1;78:1;79:1;88:1;100:1;103:1;},CRTTTT
2023-08-21 23:59:28.440643,161,1,0,0,-1,{},RTTTTT
2023-08-21 23:59:29.441683,162,1,0,0,-1,{},RTTTTT
2023-08-21 23:59:30.440428,163,1,0,0,-1,{},RTTTTT
2023-08-21 23:59:31.440616,164,1,0,0,-1,{},RTTTTT
2023-08-21 23:59:32.440889,165,1,0,0,-1,{},RTTTTT
2023-08-21 23:59:33.440484,166,1,0,0,-1,{},RTTTTT
2023-08-21 23:59:34.440965,167,1,0,0,-1,{},RTTTTT
2023-08-21 23:59:35.443061,168,1,0,0,-1,{},RTTTTT
2023-08-21 23:59:36.441563,169,2,1,1,-1,{322:1;323:1;337:1;339:1;341:1;345:1;346:1;347:1;349:1;351:1;355:1;},CRTTTT
2023-08-21 23:59:37.445274,170,1,0,0,-1,{},RTTTTT
2023-08-21 23:59:38.441417,171,1,0,0,-1,{},RTTTTT
2023-08-21 23:59:39.441765,172,2,1,1,-1,{41:1;48:1;52:1;53:1;54:1;56:1;58:1;60:1;64:1;66:1;68:1;69:1;70:1;71:1;72:1;74:1;75:1;76:1;78:1;80:1;81:1;82:1;83:1;84:1;85:1;86:1;95:1;},CRTTTT
2023-08-21 23:59:40.441101,173,1,0,0,-1,{},RTTTTT
2023-08-21 23:59:41.440834,174,2,1,1,-1,{56:1;57:1;58:1;65:1;66:1;67:1;69:1;74:1;75:1;86:1;87:1;},CRTTTT
2023-08-21 23:59:42.442556,175,1,0,1,-1,{},RTTTTT
2023-08-21 23:59:43.441562,176,1,0,0,-1,{},RTTTTT
2023-08-21 23:59:44.441969,177,1,0,0,-1,{},RTTTTT
2023-08-21 23:59:45.440786,178,1,0,0,-1,{},RTTTTT
2023-08-21 23:59:46.442311,179,1,0,0,-1,{},RTTTTT
2023-08-21 23:59:47.441779,180,1,0,0,-1,{},RTTTTT
2023-08-21 23:59:48.440885,181,1,0,0,-1,{},RTTTTT
2023-08-21 23:59:49.443325,182,1,0,0,-1,{},RTTTTT
2023-08-21 23:59:50.442022,183,1,0,0,-1,{},RTTTTT
2023-08-21 23:59:51.442225,184,1,0,0,-1,{},RTTTTT
2023-08-21 23:59:52.441607,185,2,1,1,-1,{56:1;59:1;60:1;62:1;71:1;73:1;},CRTTTT
2023-08-21 23:59:53.441000,186,1,0,1,-1,{},RTTTTT
2023-08-21 23:59:54.443242,187,1,0,1,-1,{},RTTTTT
2023-08-21 23:59:55.442075,188,1,0,0,-1,{},RTTTTT
2023-08-21 23:59:56.441457,189,1,0,0,-1,{},RTTTTT
2023-08-21 23:59:57.441621,190,1,0,0,-1,{},HRTTTT
2023-08-21 23:59:58.440425,191,1,0,0,-1,{},RTTTTT
2023-08-21 23:59:59.442854,192,1,0,0,-1,{},RTTTTT
2023-08-22 00:00:00.443524,193,1,0,0,-1,{},RTTTTT
2023-08-22 00:00:01.441819,194,1,0,0,-1,{},RTTTTT
2023-08-22 00:00:02.444830,195,1,0,0,-1,{},RTTTTT
2023-08-22 00:00:03.441992,196,1,0,0,-1,{},RTTTTT
2023-08-22 00:00:04.442566,197,1,0,0,-1,{},RTTTTT
2023-08-22 00:00:05.441099,198,1,0,0,-1,{},RTTTTT
2023-08-22 00:00:06.442226,199,1,0,0,-1,{},RTTTTT
2023-08-22 00:00:07.441036,200,1,0,0,-1,{},RTTTTT
2023-08-22 00:00:08.441761,201,1,0,0,-1,{},RTTTTT
2023-08-22 00:00:09.440913,202,1,0,0,-1,{},RTTTTT
2023-08-22 00:00:10.441169,203,1,0,0,-1,{},RTTTTT
2023-08-22 00:00:11.440847,204,1,0,0,-1,{},RTTTTT
2023-08-22 00:00:12.440824,205,1,0,0,-1,{},RTTTTT
2023-08-22 00:00:13.441055,206,1,0,0,-1,{},RTTTTT
2023-08-22 00:00:14.440766,207,1,0,0,-1,{},RTTTTT
2023-08-22 00:00:15.440073,208,2,1,1,-1,{194:1;200:1;205:1;206:1;207:1;208:1;209:1;212:1;213:1;215:1;216:1;218:1;222:1;223:1;225:1;226:1;230:1;232:1;235:1;237:1;238:1;239:1;},CRTTTT
2023-08-22 00:00:16.441528,209,1,0,0,-1,{},RTTTTT
2023-08-22 00:00:17.440028,210,1,0,0,-1,{},RTTTTT
2023-08-22 00:00:18.439530,211,1,0,0,-1,{},RTTTTT
2023-08-22 00:00:19.440701,212,1,0,0,-1,{},RTTTTT
2023-08-22 00:00:20.440619,213,1,0,0,-1,{},RTTTTT
2023-08-22 00:00:21.441515,214,1,0,0,-1,{},RTTTTT
2023-08-22 00:00:22.440989,215,2,1,1,-1,{176:1;184:1;186:1;187:1;188:1;190:1;192:1;193:1;195:1;199:1;200:1;201:1;204:1;205:1;206:1;207:1;213:1;214:1;215:1;216:1;219:1;220:1;221:1;223:1;},CRTTTT
2023-08-22 00:00:23.440630,216,2,1,2,-1,{293:1;294:1;295:1;308:1;309:1;},CRTTTT
2023-08-22 00:00:24.441697,217,1,0,2,-1,{},RTTTTT
2023-08-22 00:00:25.440837,218,1,0,0,-1,{},RTTTTT
2023-08-22 00:00:26.440442,219,1,0,0,-1,{},RTTTTT
2023-08-22 00:00:27.441086,220,2,1,1,-1,{432:1;435:1;436:1;437:1;440:1;444:1;450:1;452:1;456:1;457:1;459:1;461:1;463:1;468:1;469:1;},CRTTTT
2023-08-22 00:00:28.440675,221,1,0,0,-1,{},RTTTTT
2023-08-22 00:00:29.441012,222,2,1,1,-1,{520:1;522:1;545:1;548:1;549:1;551:1;559:1;},CRTTTT
2023-08-22 00:00:30.440732,223,1,0,1,-1,{},RTTTTT
2023-08-22 00:00:31.440465,224,1,0,0,-1,{},RTTTTT
2023-08-22 00:00:32.440905,225,1,0,0,-1,{},RTTTTT
2023-08-22 00:00:33.440912,226,1,0,0,-1,{},RTTTTT
2023-08-22 00:00:34.440837,227,1,0,0,-1,{},RTTTTT
2023-08-22 00:00:35.440755,228,1,0,0,-1,{},RTTTTT
2023-08-22 00:00:36.441434,229,1,0,0,-1,{},HRTTTT
2023-08-22 00:00:37.440879,230,1,0,0,-1,{},RTTTTT
2023-08-22 00:00:38.441183,231,1,0,0,-1,{},RTTTTT
2023-08-22 00:00:39.441912,232,1,0,0,-1,{},RTTTTT
2023-08-22 00:00:40.441027,233,1,0,0,-1,{},RTTTTT
2023-08-22 00:00:41.441057,234,1,0,0,-1,{},RTTTTT
2023-08-22 00:00:42.440885,235,2,1,1,-1,{572:1;573:1;575:1;},CRTTTT
2023-08-22 00:00:43.440517,236,1,0,0,-1,{},RTTTTT
2023-08-22 00:00:44.441539,237,1,0,0,-1,{},RTTTTT
2023-08-22 00:00:45.441074,238,1,0,0,-1,{},RTTTTT
2023-08-22 00:00:46.442263,239,1,0,0,-1,{},RTTTTT
2023-08-22 00:00:47.440839,240,1,0,0,-1,{},RTTTTT
2023-08-22 00:00:48.441092,241,1,0,0,-1,{},RTTTTT
2023-08-22 00:00:49.441036,242,1,0,0,-1,{},RTTTTT
2023-08-22 00:00:50.440758,243,1,0,0,-1,{},RTTTTT
2023-08-22 00:00:51.440964,244,1,0,0,-1,{},RTTTTT
2023-08-22 00:00:52.440600,245,1,0,0,-1,{},RTTTTT
2023-08-22 00:00:53.440840,246,1,0,0,-1,{},RTTTTT
2023-08-22 00:00:54.440998,247,1,0,0,-1,{},RTTTTT
2023-08-22 00:00:55.440844,248,1,0,0,-1,{},RTTTTT
2023-08-22 00:00:56.442471,249,1,0,0,-1,{},RTTTTT
2023-08-22 00:00:57.440919,250,1,0,0,-1,{},RTTTTT
2023-08-22 00:00:58.441468,251,1,0,0,-1,{},RTTTTT
2023-08-22 00:00:59.441276,252,1,0,0,-1,{},RTTTTT
2023-08-22 00:01:00.440387,253,1,0,0,-1,{},RTTTTT
2023-08-22 00:01:01.440929,254,1,0,0,-1,{},RTTTTT
2023-08-22 00:01:02.440697,255,1,0,0,-1,{},RTTTTT
2023-08-22 00:01:03.441412,256,1,0,0,-1,{},RTTTTT
2023-08-22 00:01:04.441600,257,1,0,0,-1,{},RTTTTT
2023-08-22 00:01:05.441653,258,1,0,0,-1,{},RTTTTT
2023-08-22 00:01:06.441454,259,2,1,1,-1,{88:1;90:1;91:1;92:1;97:1;101:1;104:1;107:1;108:1;109:1;110:1;113:1;114:1;115:1;116:1;118:1;119:1;121:1;124:1;130:1;},CRTTTT
2023-08-22 00:01:07.441153,260,1,0,0,-1,{},RTTTTT
2023-08-22 00:01:08.442964,261,1,0,0,-1,{},RTTTTT
2023-08-22 00:01:09.441539,262,1,0,0,-1,{},RTTTTT
2023-08-22 00:01:10.441416,263,1,0,0,-1,{},RTTTTT
2023-08-22 00:01:11.442344,264,1,0,0,-1,{},RTTTTT
2023-08-22 00:01:12.441904,265,2,1,1,-1,{18:1;19:1;20:1;29:1;30:1;31:1;50:1;51:1;52:1;53:1;54:1;},CRTTTT
2023-08-22 00:01:13.442215,266,2,1,1,-1,{440:1;441:1;455:1;},CRTTTT
2023-08-22 00:01:14.442241,267,1,0,1,-1,{},RTTTTT
2023-08-22 00:01:15.443561,268,1,0,1,-1,{},RTTTTT
2023-08-22 00:01:16.441669,269,1,0,0,-1,{},RTTTTT
2023-08-22 00:01:17.440924,270,1,0,0,-1,{},RTTTTT
2023-08-22 00:01:18.441781,271,1,0,0,-1,{},RTTTTT
2023-08-22 00:01:19.441363,272,1,0,0,-1,{},RTTTTT
2023-08-22 00:01:20.442180,273,1,0,0,-1,{},RTTTTT
2023-08-22 00:01:21.442349,274,1,0,0,-1,{},RTTTTT
2023-08-22 00:01:22.441688,275,1,0,0,-1,{},RTTTTT
2023-08-22 00:01:23.441964,276,1,0,0,-1,{},RTTTTT
2023-08-22 00:01:24.442166,277,2,1,1,-1,{10:1;11:1;13:1;15:1;},CRTTTT
2023-08-22 00:01:25.441973,278,1,0,0,-1,{},RTTTTT
2023-08-22 00:01:26.441343,279,1,0,0,-1,{},RTTTTT
2023-08-22 00:01:27.441560,280,1,0,0,-1,{},RTTTTT
2023-08-22 00:01:28.441342,281,1,0,0,-1,{},RTTTTT
2023-08-22 00:01:29.441516,282,1,0,0,-1,{},RTTTTT
2023-08-22 00:01:30.441319,283,2,1,1,-1,{33:1;34:1;40:1;41:1;42:1;44:1;45:1;47:1;48:1;50:1;53:1;54:1;56:1;58:1;60:1;61:1;62:1;64:1;68:1;69:1;70:1;75:1;76:1;77:1;},CRTTTT
2023-08-22 00:01:31.440848,284,1,0,0,-1,{},RTTTTT
2023-08-22 00:01:32.441778,285,1,0,0,-1,{},RTTTTT
2023-08-22 00:01:33.441824,286,1,0,0,-1,{},RTTTTT
2023-08-22 00:01:34.442164,287,1,0,0,-1,{},RTTTTT
2023-08-22 00:01:35.441831,288,1,0,0,-1,{},RTTTTT
2023-08-22 00:01:36.441797,289,1,0,0,-1,{},RTTTTT
2023-08-22 00:01:37.442027,290,1,0,0,-1,{},RTTTTT
2023-08-22 00:01:38.441870,291,1,0,0,-1,{},RTTTTT
2023-08-22 00:01:39.440951,292,1,0,0,-1,{},RTTTTT
2023-08-22 00:01:40.441515,293,1,0,0,-1,{},RTTTTT
2023-08-22 00:01:41.442638,294,1,0,0,-1,{},RTTTTT
2023-08-22 00:01:42.440990,295,1,0,0,-1,{},RTTTTT
2023-08-22 00:01:43.441665,296,1,0,0,-1,{},RTTTTT
2023-08-22 00:01:44.441765,297,1,0,0,-1,{},RTTTTT
2023-08-22 00:01:45.442223,298,2,1,1,-1,{312:1;313:1;316:1;324:1;326:1;328:1;329:1;330:1;331:1;333:1;334:1;337:1;338:1;346:1;347:1;348:1;349:1;351:1;},CHRTTT
2023-08-22 00:01:46.441696,299,1,0,0,-1,{},RTTTTT
2023-08-22 00:01:47.443006,300,1,0,0,-1,{},RTTTTT
2023-08-22 00:01:48.442795,301,2,1,1,-1,{8:1;10:1;12:1;15:1;23:1;37:1;},CRTTTT
2023-08-22 00:01:49.442148,302,1,0,0,-1,{},RTTTTT
2023-08-22 00:01:50.442799,303,2,1,1,-1,{385:1;386:1;387:1;390:1;394:1;395:1;396:1;397:1;399:1;401:1;402:1;404:1;407:1;408:1;409:1;410:1;411:1;413:1;415:1;423:1;},CRTTTT
2023-08-22 00:01:51.441935,304,1,0,1,-1,{},HRTTTT
2023-08-22 00:01:52.441374,305,1,0,0,-1,{},RTTTTT
2023-08-22 00:01:53.441795,306,2,1,1,-1,{284:1;285:1;287:1;288:1;289:1;298:1;299:1;301:1;303:1;306:1;309:1;311:1;312:1;314:1;315:1;316:1;319:1;320:1;321:1;322:1;324:1;329:1;330:1;333:1;335:1;},CRTTTT
2023-08-22 00:01:54.442300,307,1,0,1,-1,{},RTTTTT
2023-08-22 00:01:55.441983,308,1,0,0,-1,{},RTTTTT
2023-08-22 00:01:56.443174,309,3,2,2,-1,{506:1;507:1;508:1;510:1;511:1;512:1;513:1;515:1;517:1;518:1;519:1;521:1;523:1;524:1;525:1;529:1;532:1;533:1;535:1;536:1;537:1;538:1;540:1;542:1;549:1;550:1;},CCRTTT
2023-08-22 00:01:57.441895,310,1,0,2,-1,{},RTTTTT
2023-08-22 00:01:58.443182,311,2,1,1,-1,{552:1;553:1;556:1;557:1;565:1;567:1;570:1;575:1;576:1;577:1;},CRTTTT
2023-08-22 00:01:59.442440,312,1,0,1,-1,{},RTTTTT
2023-08-22 00:02:00.442292,313,1,0,1,-1,{},RTTTTT
2023-08-22 00:02:01.441826,314,2,1,1,-1,{199:1;201:1;215:1;216:1;230:1;231:1;},CRTTTT
2023-08-22 00:02:02.442240,315,1,0,1,-1,{},RTTTTT
2023-08-22 00:02:03.441532,316,1,0,1,-1,{},RTTTTT
2023-08-22 00:02:04.441950,317,1,0,0,-1,{},RTTTTT
2023-08-22 00:02:05.442668,318,1,0,0,-1,{},RTTTTT
2023-08-22 00:02:06.441778,319,2,1,1,-1,{420:1;424:1;427:1;429:1;431:1;433:1;434:1;435:1;438:1;439:1;440:1;445:1;447:1;448:1;449:1;452:1;453:1;455:1;457:1;458:1;459:1;462:1;463:1;},CRTTTT
2023-08-22 00:02:07.441851,320,2,1,1,-1,{312:1;326:1;327:1;},CRTTTT
2023-08-22 00:02:08.442819,321,1,0,1,-1,{},RTTTTT
2023-08-22 00:02:09.442622,322,1,0,1,-1,{},RTTTTT
2023-08-22 00:02:10.442051,323,1,0,0,-1,{},RTTTTT
2023-08-22 00:02:11.442242,324,1,0,0,-1,{},HRTTTT
2023-08-22 00:02:12.442987,325,1,0,0,-1,{},RTTTTT
2023-08-22 00:02:13.441850,326,1,0,0,-1,{},RTTTTT
2023-08-22 00:02:14.441877,327,2,1,1,-1,{304:1;315:1;316:1;318:1;},CRTTTT
2023-08-22 00:02:15.441950,328,1,0,1,-1,{},RTTTTT
2023-08-22 00:02:16.442169,329,1,0,0,-1,{},RTTTTT
2023-08-22 00:02:17.441834,330,1,0,0,-1,{},RTTTTT
2023-08-22 00:02:18.442080,331,1,0,0,-1,{},RTTTTT
2023-08-22 00:02:19.443175,332,3,2,2,-1,{448:1;449:1;451:1;457:1;458:1;459:1;462:1;466:1;467:1;468:1;469:1;470:1;472:1;473:1;475:1;477:1;485:1;490:1;491:1;553:1;556:1;557:1;558:1;559:1;560:1;563:1;566:1;567:1;568:1;570:1;572:1;575:1;583:1;},CCRTTT
2023-08-22 00:02:20.442569,333,1,0,2,-1,{},RTTTTT
2023-08-22 00:02:21.442389,334,1,0,2,-1,{},RTTTTT
2023-08-22 00:02:22.442747,335,1,0,0,-1,{},RTTTTT
2023-08-22 00:02:23.442526,336,2,1,1,-1,{377:1;378:1;379:1;384:1;385:1;386:1;387:1;388:1;389:1;390:1;391:1;393:1;396:1;399:1;401:1;403:1;404:1;406:1;407:1;409:1;410:1;412:1;414:1;415:1;417:1;418:1;420:1;421:1;422:1;423:1;},CRTTTT
2023-08-22 00:02:24.442610,337,1,0,1,-1,{},RTTTTT
2023-08-22 00:02:25.441850,338,1,0,0,-1,{},RTTTTT
2023-08-22 00:02:26.442478,339,1,0,0,-1,{},RTTTTT
2023-08-22 00:02:27.441757,340,1,0,0,-1,{},RTTTTT
2023-08-22 00:02:28.442236,341,1,0,0,-1,{},RTTTTT
2023-08-22 00:02:29.442304,342,1,0,0,-1,{},RTTTTT
2023-08-22 00:02:30.441858,343,1,0,0,-1,{},RTTTTT
2023-08-22 00:02:31.442338,344,1,0,0,-1,{},RTTTTT
2023-08-22 00:02:32.442788,345,2,1,1,-1,{49:1;51:1;54:1;55:1;56:1;58:1;59:1;60:1;61:1;62:1;64:1;66:1;67:1;68:1;71:1;73:1;77:1;78:1;79:1;80:1;83:1;},CRTTTT
2023-08-22 00:02:33.442684,346,1,0,1,-1,{},HRTTTT
2023-08-22 00:02:34.442098,347,1,0,0,-1,{},RTTTTT
2023-08-22 00:02:35.442881,348,1,0,0,-1,{},RTTTTT
2023-08-22 00:02:36.443374,349,1,0,0,-1,{},RTTTTT
2023-08-22 00:02:37.443294,350,2,1,1,-1,{505:1;507:1;508:1;509:1;514:1;515:1;516:1;518:1;521:1;522:1;523:1;524:1;525:1;526:1;527:1;530:1;531:1;535:1;538:1;542:1;543:1;549:1;550:1;},CRTTTT
2023-08-22 00:02:38.442204,351,1,0,1,-1,{},RTTTTT
2023-08-22 00:02:39.443485,352,1,0,1,-1,{},RTTTTT
2023-08-22 00:02:40.442102,353,1,0,0,-1,{},RTTTTT
2023-08-22 00:02:41.442146,354,1,0,0,-1,{},RTTTTT
2023-08-22 00:02:42.442559,355,1,0,0,-1,{},RTTTTT
2023-08-22 00:02:43.442777,356,1,0,0,-1,{},RTTTTT
2023-08-22 00:02:44.442209,357,1,0,0,-1,{},RTTTTT
2023-08-22 00:02:45.443832,358,1,0,0,-1,{},RTTTTT
2023-08-22 00:02:46.442130,359,1,0,0,-1,{},RTTTTT
2023-08-22 00:02:47.443123,360,1,0,0,-1,{},RTTTTT
2023-08-22 00:02:48.442028,361,1,0,0,-1,{},RTTTTT
2023-08-22 00:02:49.442617,362,1,0,0,-1,{},RTTTTT
2023-08-22 00:02:50.443328,363,2,1,1,-1,{282:1;283:1;285:1;},CRTTTT
2023-08-22 00:02:51.443358,364,2,1,2,-1,{11:1;12:1;14:1;15:1;16:1;18:1;21:1;23:1;24:1;25:1;27:1;31:1;35:1;37:1;39:1;43:1;46:1;47:1;},CRTTTT
2023-08-22 00:02:52.442166,365,1,0,0,-1,{},RTTTTT
2023-08-22 00:02:53.442039,366,1,0,0,-1,{},RTTTTT
2023-08-22 00:02:54.443768,367,1,0,0,-1,{},RTTTTT
2023-08-22 00:02:55.443781,368,2,1,1,-1,{384:1;385:1;386:1;387:1;388:1;390:1;391:1;394:1;395:1;398:1;399:1;400:1;402:1;403:1;404:1;412:1;413:1;414:1;415:1;416:1;419:1;420:1;423:1;430:1;431:1;},CRTTTT
2023-08-22 00:02:56.442910,369,1,0,1,-1,{},RTTTTT
2023-08-22 00:02:57.442048,370,1,0,1,-1,{},RTTTTT
2023-08-22 00:02:58.441746,371,1,0,0,-1,{},RTTTTT
2023-08-22 00:02:59.442855,372,2,1,1,-1,{16:1;29:1;30:1;32:1;33:1;},CRTTTT
2023-08-22 00:03:00.442506,373,1,0,1,-1,{},RTTTTT
2023-08-22 00:03:01.443093,374,2,1,1,-1,{512:1;514:1;516:1;527:1;},CRTTTT
2023-08-22 00:03:02.444291,375,1,0,1,-1,{},RTTTTT
2023-08-22 00:03:03.442265,376,1,0,1,-1,{},RTTTTT
2023-08-22 00:03:04.443979,377,1,0,0,-1,{},RTTTTT
2023-08-22 00:03:05.442795,378,1,0,0,-1,{},RTTTTT
2023-08-22 00:03:06.444197,379,2,1,1,-1,{531:1;536:1;537:1;544:1;545:1;547:1;549:1;554:1;555:1;556:1;557:1;558:1;560:1;563:1;565:1;567:1;575:1;},CRTTTT
2023-08-22 00:03:07.443249,380,1,0,0,-1,{},RTTTTT
2023-08-22 00:03:08.442198,381,1,0,0,-1,{},RTTTTT
2023-08-22 00:03:09.443683,382,1,0,0,-1,{},RTTTTT
2023-08-22 00:03:10.442737,383,1,0,0,-1,{},RTTTTT
2023-08-22 00:03:11.443662,384,2,1,1,-1,{264:1;265:1;273:1;274:1;275:1;276:1;278:1;280:1;282:1;283:1;284:1;286:1;290:1;293:1;294:1;295:1;297:1;298:1;300:1;302:1;305:1;311:1;},CRTTTT
2023-08-22 00:03:12.442912,385,1,0,1,-1,{},RTTTTT
2023-08-22 00:03:13.443259,386,2,1,1,-1,{344:1;346:1;352:1;353:1;355:1;358:1;361:1;363:1;365:1;371:1;372:1;373:1;374:1;375:1;},CRTTTT
2023-08-22 00:03:14.443503,387,2,1,2,-1,{74:1;75:1;104:1;105:1;106:1;109:1;110:1;},CRTTTT
2023-08-22 00:03:15.443177,388,1,0,2,-1,{},RTTTTT
2023-08-22 00:03:16.442893,389,1,0,0,-1,{},RTTTTT
2023-08-22 00:03:17.443425,390,1,0,0,-1,{},RTTTTT
2023-08-22 00:03:18.443464,391,1,0,0,-1,{},RTTTTT
2023-08-22 00:03:19.443038,392,1,0,0,-1,{},RTTTTT
2023-08-22 00:03:20.442725,393,1,0,0,-1,{},HRTTTT
2023-08-22 00:03:21.442996,394,1,0,0,-1,{},RTTTTT
2023-08-22 00:03:22.443267,395,1,0,0,-1,{},RTTTTT
2023-08-22 00:03:23.443909,396,2,1,1,-1,{409:1;410:1;413:1;414:1;424:1;425:1;426:1;427:1;},CRTTTT
2023-08-22 00:03:24.443136,397,1,0,1,-1,{},RTTTTT
2023-08-22 00:03:25.443108,398,1,0,0,-1,{},RTTTTT
2023-08-22 00:03:26.443601,399,2,1,1,-1,{304:1;306:1;313:1;315:1;317:1;325:1;326:1;327:1;},CRTTTT
2023-08-22 00:03:27.442479,400,1,0,1,-1,{},RTTTTT
2023-08-22 00:03:28.443304,401,1,0,0,-1,{},RTTTTT
2023-08-22 00:03:29.442593,402,2,1,1,-1,{473:1;475:1;482:1;483:1;484:1;485:1;487:1;494:1;495:1;496:1;497:1;499:1;501:1;503:1;510:1;511:1;},CRTTTT
2023-08-22 00:03:30.443499,403,1,0,1,-1,{},HRTTTT
2023-08-22 00:03:31.442998,404,2,1,1,-1,{177:1;178:1;184:1;185:1;186:1;189:1;190:1;192:1;193:1;194:1;195:1;203:1;204:1;207:1;},CRTTTT
2023-08-22 00:03:32.442899,405,2,1,2,-1,{293:1;294:1;295:1;312:1;313:1;315:1;317:1;327:1;},CRTTTT
2023-08-22 00:03:33.443339,406,1,0,2,-1,{},RTTTTT
2023-08-22 00:03:34.443145,407,2,1,1,-1,{536:1;537:1;540:1;541:1;548:1;549:1;550:1;},CRTTTT
2023-08-22 00:03:35.443214,408,1,0,1,-1,{},RTTTTT
2023-08-22 00:03:36.444268,409,1,0,1,-1,{},RTTTTT
2023-08-22 00:03:37.442767,410,1,0,0,-1,{},RTTTTT
2023-08-22 00:03:38.444682,411,2,1,1,-1,{544:1;545:1;547:1;554:1;555:1;559:1;560:1;561:1;563:1;566:1;567:1;},CRTTTT
2023-08-22 00:03:39.442004,412,1,0,1,-1,{},RTTTTT
2023-08-22 00:03:40.442775,413,2,1,1,-1,{16:1;31:1;40:1;41:1;48:1;49:1;50:1;54:1;55:1;57:1;60:1;63:1;65:1;67:1;68:1;69:1;70:1;72:1;74:1;75:1;76:1;77:1;78:1;80:1;81:1;82:1;83:1;84:1;94:1;95:1;},CRTTTT
2023-08-22 00:03:41.442741,414,2,1,2,-1,{288:1;291:1;293:1;295:1;297:1;300:1;303:1;310:1;311:1;313:1;314:1;315:1;317:1;},CRTTTT
2023-08-22 00:03:42.443026,415,1,0,2,-1,{},RTTTTT
2023-08-22 00:03:43.442039,416,1,0,0,-1,{},RTTTTT
2023-08-22 00:03:44.442581,417,1,0,0,-1,{},RTTTTT
2023-08-22 00:03:45.442550,418,1,0,0,-1,{},RTTTTT
2023-08-22 00:03:46.442619,419,1,0,0,-1,{},RTTTTT
2023-08-22 00:03:47.442811,420,1,0,0,-1,{},RTTTTT
2023-08-22 00:03:48.442397,421,1,0,0,-1,{},RTTTTT
2023-08-22 00:03:49.444942,422,1,0,0,-1,{},RTTTTT
2023-08-22 00:03:50.443192,423,1,0,0,-1,{},RTTTTT
2023-08-22 00:03:51.442888,424,1,0,0,-1,{},RTTTTT
2023-08-22 00:03:52.442933,425,2,1,1,-1,{329:1;330:1;336:1;337:1;341:1;342:1;347:1;349:1;350:1;351:1;352:1;359:1;360:1;361:1;363:1;364:1;365:1;366:1;369:1;372:1;394:1;},CRTTTT
2023-08-22 00:03:53.443129,426,1,0,1,-1,{},RTTTTT
2023-08-22 00:03:54.443876,427,2,1,2,-1,{347:1;348:1;354:1;356:1;359:1;361:1;362:1;},CRTTTT
2023-08-22 00:03:55.443989,428,1,0,0,-1,{},RTTTTT
2023-08-22 00:03:56.443718,429,1,0,0,-1,{},RTTTTT
2023-08-22 00:03:57.443729,430,1,0,0,-1,{},RTTTTT
2023-08-22 00:03:58.442688,431,1,0,0,-1,{},RTTTTT
2023-08-22 00:03:59.442620,432,1,0,0,-1,{},RTTTTT
2023-08-22 00:04:00.441966,433,1,0,0,-1,{},HRTTTT
2023-08-22 00:04:01.443836,434,1,0,0,-1,{},RTTTTT
2023-08-22 00:04:02.444026,435,2,1,1,-1,{488:1;498:1;499:1;502:1;511:1;},CRTTTT
2023-08-22 00:04:03.444790,436,1,0,1,-1,{},RTTTTT
2023-08-22 00:04:04.443204,437,1,0,0,-1,{},RTTTTT
2023-08-22 00:04:05.443829,438,1,0,0,-1,{},RTTTTT
2023-08-22 00:04:06.444791,439,1,0,0,-1,{},RTTTTT
2023-08-22 00:04:07.443249,440,1,0,0,-1,{},RTTTTT
2023-08-22 00:04:08.442221,441,3,2,2,-1,{440:1;441:1;442:1;445:1;513:1;515:1;518:1;524:1;527:1;529:1;534:1;535:1;537:1;538:1;540:1;542:1;545:1;549:1;557:1;558:1;},CCRTTT
2023-08-22 00:04:09.443316,442,1,0,2,-1,{},RTTTTT
2023-08-22 00:04:10.444050,443,1,0,0,-1,{},RTTTTT
2023-08-22 00:04:11.443418,444,1,0,0,-1,{},RTTTTT
2023-08-22 00:04:12.442977,445,1,0,0,-1,{},RTTTTT
2023-08-22 00:04:13.443178,446,1,0,0,-1,{},RTTTTT
2023-08-22 00:04:14.443398,447,1,0,0,-1,{},RTTTTT
2023-08-22 00:04:15.443522,448,1,0,0,-1,{},RTTTTT
2023-08-22 00:04:16.443101,449,2,1,1,-1,{41:1;48:1;49:1;50:1;51:1;52:1;55:1;56:1;58:1;61:1;62:1;63:1;65:1;66:1;67:1;68:1;71:1;},CRTTTT
2023-08-22 00:04:17.443780,450,2,1,2,-1,{371:1;372:1;374:1;},CRTTTT
2023-08-22 00:04:18.443040,451,1,0,2,-1,{},RTTTTT
2023-08-22 00:04:19.443508,452,1,0,0,-1,{},RTTTTT
2023-08-22 00:04:20.445261,453,1,0,0,-1,{},RTTTTT
2023-08-22 00:04:21.443530,454,1,0,0,-1,{},RTTTTT
2023-08-22 00:04:22.443902,455,1,0,0,-1,{},RTTTTT
2023-08-22 00:04:23.444717,456,1,0,0,-1,{},RTTTTT
2023-08-22 00:04:24.443199,457,1,0,0,-1,{},RTTTTT
2023-08-22 00:04:25.443268,458,1,0,0,-1,{},RTTTTT
2023-08-22 00:04:26.443439,459,1,0,0,-1,{},RTTTTT
2023-08-22 00:04:27.442465,460,2,1,1,-1,{563:1;568:1;569:1;570:1;572:1;573:1;574:1;576:1;578:1;580:1;581:1;},CRTTTT
2023-08-22 00:04:28.444152,461,1,0,0,-1,{},RTTTTT
2023-08-22 00:04:29.444918,462,1,0,0,-1,{},RTTTTT
2023-08-22 00:04:30.443380,463,1,0,0,-1,{},RTTTTT
2023-08-22 00:04:31.443050,464,1,0,0,-1,{},RTTTTT
2023-08-22 00:04:32.443908,465,1,0,0,-1,{},RTTTTT
2023-08-22 00:04:33.443721,466,2,1,1,-1,{},CRTTTT
2023-08-22 00:04:34.444054,467,1,0,0,-1,{},RTTTTT
2023-08-22 00:04:35.443894,468,2,1,1,-1,{476:1;480:1;482:1;484:1;488:1;491:1;492:1;495:1;496:1;499:1;500:1;503:1;507:1;508:1;510:1;},CRTTTT
2023-08-22 00:04:36.444354,469,1,0,1,-1,{},RTTTTT
2023-08-22 00:04:37.443854,470,1,0,0,-1,{},RTTTTT
2023-08-22 00:04:38.444130,471,1,0,0,-1,{},RTTTTT
2023-08-22 00:04:39.444445,472,1,0,0,-1,{},RTTTTT
2023-08-22 00:04:40.445373,473,2,1,1,-1,{301:1;304:1;310:1;313:1;314:1;316:1;319:1;323:1;325:1;326:1;331:1;332:1;333:1;334:1;339:1;342:1;343:1;},CRTTTT
2023-08-22 00:04:41.443713,474,1,0,1,-1,{},RTTTTT
2023-08-22 00:04:42.442964,475,1,0,1,-1,{},RTTTTT
2023-08-22 00:04:43.443514,476,1,0,0,-1,{},RTTTTT
2023-08-22 00:04:44.442975,477,1,0,0,-1,{},RTTTTT
2023-08-22 00:04:45.443350,478,1,0,0,-1,{},RTTTTT
2023-08-22 00:04:46.442585,479,1,0,0,-1,{},RTTTTT
2023-08-22 00:04:47.442998,480,1,0,0,-1,{},RTTTTT
2023-08-22 00:04:48.444231,481,1,0,0,-1,{},RTTTTT
2023-08-22 00:04:49.443803,482,1,0,0,-1,{},RTTTTT
2023-08-22 00:04:50.443584,483,1,0,0,-1,{},RTTTTT
2023-08-22 00:04:51.443680,484,1,0,0,-1,{},RTTTTT
2023-08-22 00:04:52.443655,485,1,0,0,-1,{},RTTTTT
2023-08-22 00:04:53.445333,486,1,0,0,-1,{},RTTTTT
2023-08-22 00:04:54.444300,487,1,0,0,-1,{},RTTTTT
2023-08-22 00:04:55.443204,488,1,0,0,-1,{},RTTTTT
2023-08-22 00:04:56.442592,489,1,0,0,-1,{},RTTTTT
2023-08-22 00:04:57.445965,490,1,0,0,-1,{},RTTTTT
2023-08-22 00:04:58.443534,491,1,0,0,-1,{},RTTTTT
2023-08-22 00:04:59.443824,492,1,0,0,-1,{},RTTTTT
2023-08-22 00:05:00.443073,493,1,0,0,-1,{},RTTTTT
2023-08-22 00:05:01.443493,494,3,2,2,-1,{233:1;234:1;235:1;236:1;240:1;241:1;244:1;245:1;246:1;247:1;248:1;249:1;253:1;256:1;257:1;258:1;261:1;266:1;267:1;268:1;275:1;276:1;279:1;568:1;578:1;583:1;},CCRTTT
2023-08-22 00:05:02.443016,495,1,0,2,-1,{},HRTTTT
2023-08-22 00:05:03.444403,496,1,0,2,-1,{},RTTTTT
2023-08-22 00:05:04.443967,497,2,1,1,-1,{248:1;257:1;260:1;261:1;262:1;271:1;},CRTTTT
2023-08-22 00:05:05.442961,498,1,0,1,-1,{},RTTTTT
2023-08-22 00:05:06.444010,499,1,0,1,-1,{},RTTTTT
2023-08-22 00:05:07.442783,500,1,0,0,-1,{},RTTTTT
2023-08-22 00:05:08.443624,501,1,0,0,-1,{},RTTTTT
2023-08-22 00:05:09.442386,502,1,0,0,-1,{},RTTTTT
2023-08-22 00:05:10.443464,503,1,0,0,-1,{},HRTTTT
2023-08-22 00:05:11.442948,504,1,0,0,-1,{},RTTTTT
2023-08-22 00:05:12.442221,505,1,0,0,-1,{},RTTTTT
2023-08-22 00:05:13.442091,506,2,1,1,-1,{401:1;402:1;404:1;416:1;417:1;418:1;420:1;},CRTTTT
2023-08-22 00:05:14.443320,507,1,0,1,-1,{},RTTTTT
2023-08-22 00:05:15.442704,508,1,0,1,-1,{},RTTTTT
2023-08-22 00:05:16.444023,509,2,1,1,-1,{9:1;10:1;12:1;},CRTTTT
2023-08-22 00:05:17.443644,510,1,0,1,-1,{},RTTTTT
2023-08-22 00:05:18.443738,511,1,0,1,-1,{},RTTTTT
2023-08-22 00:05:19.443085,512,1,0,0,-1,{},RTTTTT
2023-08-22 00:05:20.443101,513,1,0,0,-1,{},RTTTTT
2023-08-22 00:05:21.443886,514,1,0,0,-1,{},RTTTTT
2023-08-22 00:05:22.442640,515,1,0,0,-1,{},RTTTTT
2023-08-22 00:05:23.443091,516,1,0,0,-1,{},HRTTTT
2023-08-22 00:05:24.442499,517,1,0,0,-1,{},RTTTTT
2023-08-22 00:05:25.443758,518,1,0,0,-1,{},RTTTTT
2023-08-22 00:05:26.445673,519,1,0,0,-1,{},RTTTTT
2023-08-22 00:05:27.442009,520,1,0,0,-1,{},RTTTTT
2023-08-22 00:05:28.443316,521,2,1,1,-1,{280:1;281:1;282:1;283:1;295:1;},CHRTTT
2023-08-22 00:05:29.443163,522,1,0,1,-1,{},HRTTTT
2023-08-22 00:05:30.442751,523,1,0,1,-1,{},RTTTTT
2023-08-22 00:05:31.443897,524,1,0,0,-1,{},RTTTTT
2023-08-22 00:05:32.444212,525,1,0,0,-1,{},RTTTTT
2023-08-22 00:05:33.442858,526,1,0,0,-1,{},RTTTTT
2023-08-22 00:05:34.442607,527,1,0,0,-1,{},RTTTTT
2023-08-22 00:05:35.442684,528,1,0,0,-1,{},RTTTTT
2023-08-22 00:05:36.443515,529,1,0,0,-1,{},RTTTTT
2023-08-22 00:05:37.442437,530,1,0,0,-1,{},RTTTTT
2023-08-22 00:05:38.444087,531,1,0,0,-1,{},RTTTTT
2023-08-22 00:05:39.443175,532,1,0,0,-1,{},RTTTTT
2023-08-22 00:05:40.443243,533,1,0,0,-1,{},RTTTTT
2023-08-22 00:05:41.445208,534,2,1,1,-1,{233:1;242:1;243:1;244:1;245:1;246:1;247:1;248:1;249:1;250:1;251:1;252:1;253:1;255:1;258:1;262:1;264:1;266:1;267:1;269:1;270:1;273:1;274:1;275:1;400:1;401:1;415:1;416:1;417:1;418:1;425:1;426:1;427:1;428:1;429:1;433:1;436:1;437:1;438:1;446:1;447:1;},CRTTTT
2023-08-22 00:05:42.443834,535,1,0,1,-1,{},RTTTTT
2023-08-22 00:05:43.444434,536,1,0,0,-1,{},HRTTTT
2023-08-22 00:05:44.442949,537,2,1,1,-1,{153:1;155:1;157:1;167:1;181:1;},CRTTTT
2023-08-22 00:05:45.444815,538,1,0,1,-1,{},RTTTTT
2023-08-22 00:05:46.444300,539,2,1,1,-1,{78:1;79:1;},CRTTTT
2023-08-22 00:05:47.443662,540,1,0,1,-1,{},RTTTTT
2023-08-22 00:05:48.444406,541,1,0,1,-1,{},RTTTTT
2023-08-22 00:05:49.443982,542,1,0,0,-1,{},RTTTTT
2023-08-22 00:05:50.443456,543,1,0,0,-1,{},RTTTTT
2023-08-22 00:05:51.443811,544,1,0,0,-1,{},RTTTTT
2023-08-22 00:05:52.443362,545,1,0,0,-1,{},RTTTTT
2023-08-22 00:05:53.443003,546,1,0,0,-1,{},RTTTTT
2023-08-22 00:05:54.443662,547,1,0,0,-1,{},RTTTTT
2023-08-22 00:05:55.442980,548,1,0,0,-1,{},RTTTTT
2023-08-22 00:05:56.443026,549,1,0,0,-1,{},RTTTTT
2023-08-22 00:05:57.443489,550,1,0,0,-1,{},RTTTTT
2023-08-22 00:05:58.443740,551,1,0,0,-1,{},RTTTTT
2023-08-22 00:05:59.442743,552,2,1,1,-1,{},CRTTTT
2023-08-22 00:06:00.443843,553,1,0,1,-1,{},RTTTTT
2023-08-22 00:06:01.443317,554,1,0,0,-1,{},RTTTTT
2023-08-22 00:06:02.444220,555,1,0,0,-1,{},RTTTTT
2023-08-22 00:06:03.444982,556,1,0,0,-1,{},RTTTTT
2023-08-22 00:06:04.443167,557,1,0,0,-1,{},RTTTTT
2023-08-22 00:06:05.443474,558,1,0,0,-1,{},RTTTTT
2023-08-22 00:06:06.444090,559,2,1,1,-1,{436:1;437:1;},CRTTTT
2023-08-22 00:06:07.444243,560,1,0,0,-1,{},RTTTTT
2023-08-22 00:06:08.443965,561,1,0,0,-1,{},RTTTTT
2023-08-22 00:06:09.445419,562,1,0,0,-1,{},RTTTTT
2023-08-22 00:06:10.444445,563,1,0,0,-1,{},RTTTTT
2023-08-22 00:06:11.443318,564,1,0,0,-1,{},RTTTTT
2023-08-22 00:06:12.443981,565,1,0,0,-1,{},RTTTTT
2023-08-22 00:06:13.445639,566,1,0,0,-1,{},RTTTTT
2023-08-22 00:06:14.443976,567,1,0,0,-1,{},RTTTTT
2023-08-22 00:06:15.443850,568,2,1,1,-1,{121:1;123:1;133:1;134:1;135:1;},CRTTTT
2023-08-22 00:06:16.443355,569,1,0,0,-1,{},RTTTTT
2023-08-22 00:06:17.444943,570,2,1,1,-1,{305:1;306:1;307:1;310:1;311:1;312:1;313:1;316:1;317:1;329:1;343:1;520:1;528:1;531:1;532:1;534:1;543:1;544:1;559:1;},CRTTTT
2023-08-22 00:06:18.443640,571,1,0,1,-1,{},HRTTTT
2023-08-22 00:06:19.444827,572,1,0,0,-1,{},RTTTTT
2023-08-22 00:06:20.444383,573,1,0,0,-1,{},RTTTTT
2023-08-22 00:06:21.443864,574,1,0,0,-1,{},RTTTTT
2023-08-22 00:06:22.443794,575,1,0,0,-1,{},RTTTTT
2023-08-22 00:06:23.443952,576,1,0,0,-1,{},RTTTTT
2023-08-22 00:06:24.445020,577,1,0,0,-1,{},RTTTTT
2023-08-22 00:06:25.444349,578,1,0,0,-1,{},RTTTTT
2023-08-22 00:06:26.443940,579,2,1,1,-1,{537:1;538:1;540:1;542:1;544:1;545:1;548:1;549:1;550:1;551:1;554:1;556:1;557:1;559:1;560:1;562:1;566:1;568:1;571:1;572:1;573:1;574:1;580:1;583:1;},CRTTTT
2023-08-22 00:06:27.443996,580,1,0,1,-1,{},RTTTTT
2023-08-22 00:06:28.444117,581,1,0,0,-1,{},RTTTTT
2023-08-22 00:06:29.444111,582,2,1,1,-1,{145:1;146:1;148:1;151:1;155:1;156:1;157:1;159:1;161:1;162:1;165:1;166:1;168:1;170:1;172:1;174:1;175:1;177:1;178:1;182:1;190:1;191:1;},CRTTTT
2023-08-22 00:06:30.444566,583,1,0,1,-1,{},RTTTTT
2023-08-22 00:06:31.444446,584,3,2,2,-1,{48:1;50:1;56:1;58:1;60:1;62:1;71:1;201:1;202:1;204:1;208:1;210:1;212:1;214:1;217:1;218:1;220:1;221:1;},CCRTTT
2023-08-22 00:06:32.443124,585,2,1,3,-1,{404:1;438:1;439:1;},CRTTTT
2023-08-22 00:06:33.444249,586,1,0,3,-1,{},RTTTTT
2023-08-22 00:06:34.443562,587,1,0,0,-1,{},RTTTTT
2023-08-22 00:06:35.445081,588,1,0,0,-1,{},RTTTTT
2023-08-22 00:06:36.443821,589,1,0,0,-1,{},RTTTTT
2023-08-22 00:06:37.445142,590,1,0,0,-1,{},RTTTTT
2023-08-22 00:06:38.443970,591,1,0,0,-1,{},RTTTTT
2023-08-22 00:06:39.443349,592,1,0,0,-1,{},RTTTTT
2023-08-22 00:06:40.445346,593,1,0,0,-1,{},RTTTTT
2023-08-22 00:06:41.443941,594,2,1,1,-1,{113:1;114:1;115:1;116:1;117:1;120:1;122:1;125:1;127:1;128:1;130:1;131:1;132:1;135:1;136:1;137:1;138:1;139:1;140:1;141:1;142:1;143:1;145:1;148:1;149:1;150:1;156:1;159:1;},CRTTTT
2023-08-22 00:06:42.443970,595,1,0,1,-1,{},RTTTTT
2023-08-22 00:06:43.445271,596,1,0,0,-1,{},RTTTTT
2023-08-22 00:06:44.444318,597,1,0,0,-1,{},RTTTTT
2023-08-22 00:06:45.444747,598,1,0,0,-1,{},RTTTTT
2023-08-22 00:06:46.444291,599,1,0,0,-1,{},RTTTTT
