TIMESTAMP,ROUND,N_RX,N_ERR_PKTS,ERRS,SLOTS
2023-10-09 20:04:16.145979,243,1,0,{},RTTTTT
2023-10-09 20:04:17.145260,244,1,0,{},RTTTTT
2023-10-09 20:04:18.145795,245,1,0,{},RTTTTT
2023-10-09 20:04:19.145718,246,1,0,{},RTTTTT
2023-10-09 20:04:20.145772,247,1,0,{},RTTTTT
2023-10-09 20:04:21.146108,248,1,0,{},RTTTTT
2023-10-09 20:04:22.145843,249,1,0,{},RTTTTT
2023-10-09 20:04:23.146198,250,1,0,{},RTTTTT
2023-10-09 20:04:24.148480,251,1,0,{},RTTTTT
2023-10-09 20:04:25.146174,252,5,5,{96:1;118:1;139:1;228:1;232:1;237:1;252:1;263:1;275:1;279:2;295:2;297:1;312:1;316:1;322:1;329:1;331:2;338:1;340:1;352:1;364:2;368:2;382:1;386:2;388:1;389:2;392:2;400:1;404:1;410:1;418:1;421:1;427:1;641:1;647:1;656:1;661:1;691:1;725:1;730:1;742:1;743:1;758:1;779:1;797:1;884:1;899:1;927:1;943:1;951:1;1009:1;1030:1;1033:1;1036:1;1044:1;1054:1;1056:1;1063:2;1066:2;1076:1;1079:2;1080:1;1099:1;1107:1;1109:1;1120:1;1123:1;1134:1;1138:1;1144:2;1150:2;1156:2;1161:2;1172:2;1180:2;1184:2;1187:2;1189:1;1190:2;1192:2;1202:1;1217:1;1219:1;1222:1;1227:1;1229:1;1230:1;1232:1;1235:1;1236:1;1237:1;1240:1;1242:1;1243:1;1247:1;1264:1;1265:1;1274:1;1275:1;1276:1;1277:1;1283:1;1293:1;1294:1;1304:1;1305:1;1317:1;1427:1;1444:1;1447:1;1449:1;1461:1;1471:1;1483:1;1639:1;1685:1;1692:1;1703:1;1708:1;1721:1;1726:1;1800:1;1803:1;1811:1;1828:1;1832:1;1835:1;1841:1;1857:1;1863:1;1875:1;1879:1;1892:1;1902:1;1909:1;1924:1;1935:1;1951:2;1954:2;1962:2;1972:1;1976:2;1986:2;1995:1;2004:1;2018:1;},HCCCCC
2023-10-09 20:04:26.146466,253,1,0,{},RTTTTT
2023-10-09 20:04:27.146074,254,1,0,{},RTTTTT
2023-10-09 20:04:28.146323,255,1,0,{},RTTTTT
2023-10-09 20:04:29.146022,256,1,0,{},RTTTTT
2023-10-09 20:04:30.145903,257,1,0,{},RTTTTT
2023-10-09 20:04:31.147083,258,1,0,{},RTTTTT
2023-10-09 20:04:32.145849,259,1,0,{},RTTTTT
2023-10-09 20:04:33.146205,260,1,0,{},RTTTTT
2023-10-09 20:04:34.146007,261,1,0,{},RTTTTT
2023-10-09 20:04:35.146493,262,1,0,{},RTTTTT
2023-10-09 20:04:36.145753,263,1,0,{},RTTTTT
2023-10-09 20:04:37.148103,264,1,0,{},RTTTTT
2023-10-09 20:04:38.146430,265,1,0,{},RTTTTT
2023-10-09 20:04:39.146569,266,1,0,{},RTTTTT
2023-10-09 20:04:40.146089,267,1,0,{},RTTTTT
2023-10-09 20:04:41.146179,268,1,0,{},RTTTTT
2023-10-09 20:04:42.146274,269,1,0,{},RTTTTT
2023-10-09 20:04:43.146478,270,1,0,{},RTTTTT
2023-10-09 20:04:44.146204,271,1,0,{},RTTTTT
2023-10-09 20:04:45.145664,272,1,0,{},RTTTTT
2023-10-09 20:04:46.146109,273,1,0,{},RTTTTT
2023-10-09 20:04:47.146948,274,1,0,{},RTTTTT
2023-10-09 20:04:48.146335,275,1,0,{},RTTTTT
2023-10-09 20:04:49.146423,276,1,0,{},RTTTTT
2023-10-09 20:04:50.145884,277,1,0,{},RTTTTT
2023-10-09 20:04:51.146721,278,1,0,{},RTTTTT
2023-10-09 20:04:52.145650,279,1,0,{},RTTTTT
2023-10-09 20:04:53.146733,280,1,0,{},RTTTTT
2023-10-09 20:04:54.146779,281,1,0,{},RTTTTT
2023-10-09 20:04:55.146782,282,1,0,{},RTTTTT
2023-10-09 20:04:56.147575,283,1,0,{},RTTTTT
2023-10-09 20:04:57.146378,284,1,0,{},RTTTTT
2023-10-09 20:04:58.145586,285,1,0,{},RTTTTT
2023-10-09 20:04:59.146434,286,1,0,{},RTTTTT
2023-10-09 20:05:00.145477,287,2,1,{826:1;827:1;828:1;829:1;832:1;833:1;834:1;836:1;837:1;838:1;839:1;840:1;841:1;842:1;843:1;844:1;849:1;851:1;852:1;855:1;859:1;861:1;862:1;863:1;864:1;865:1;869:1;870:1;872:1;873:1;874:1;876:1;880:1;883:1;887:1;888:1;889:1;890:1;891:1;894:1;896:1;898:1;899:1;905:1;907:1;909:1;910:1;911:1;913:1;914:1;917:1;920:1;924:1;925:1;927:1;930:1;931:1;932:1;934:1;936:1;945:1;948:1;951:1;955:1;956:1;961:1;967:1;968:1;973:1;977:1;982:1;984:1;987:1;988:1;990:1;992:1;993:1;997:1;998:1;1003:1;1004:1;1006:1;1007:1;1009:1;1011:1;1013:1;1015:1;1016:1;1017:1;1020:1;1021:1;1022:1;1023:1;1025:1;1027:1;1029:1;1031:1;1035:1;1041:1;1044:1;1045:1;1047:1;1049:1;1051:1;1053:1;1054:1;1060:1;1061:1;1064:1;1065:1;1066:1;1068:1;1072:1;1075:1;1076:1;1079:1;1083:1;1084:1;1086:1;1090:1;1091:1;1093:1;1094:1;1098:1;1100:1;1101:1;1102:1;1103:1;1104:1;1107:1;1108:1;1109:1;1114:1;1117:1;1119:1;1120:1;1121:1;1124:1;1127:1;1130:1;1131:1;1132:1;1135:1;1136:1;1137:1;1139:1;1141:1;1142:1;1143:1;1144:1;1146:1;1149:1;1153:1;1161:1;1163:1;1172:1;1177:1;1178:1;1179:1;1180:1;1182:1;1185:1;1186:1;1187:1;1190:1;1192:1;1195:1;1199:1;1203:1;1204:1;1206:1;1213:1;1214:1;1216:1;1217:1;1218:1;1220:1;1222:1;1223:1;1224:1;1225:1;1227:1;1229:1;1231:1;1234:1;1237:1;1238:1;1241:1;1242:1;1246:1;1250:1;1252:1;1255:1;1258:1;1259:1;1262:1;1263:1;1264:1;1265:1;1267:1;1268:1;1273:1;1277:1;1283:1;1285:1;1289:1;1296:1;1298:1;1299:1;1305:1;1306:1;1308:1;1312:1;1315:1;1317:1;1318:1;1320:1;1321:1;1322:1;1324:1;1325:1;1327:1;1328:1;1329:1;1330:1;1332:1;1335:1;1336:1;1338:1;1339:1;1341:1;1343:1;1348:1;1350:1;1352:1;1353:1;1354:1;1356:1;1359:1;1362:1;1366:1;1370:1;1371:1;1373:1;1379:1;1380:1;1381:1;1383:1;1387:1;1392:1;1396:1;1398:1;1401:1;1402:1;1407:1;1410:1;1411:1;1412:1;1415:1;1418:1;1420:1;1424:1;1425:1;1427:1;1428:1;1430:1;1432:1;1433:1;1435:1;1437:1;1441:1;1442:1;1445:1;},CRTTTT
2023-10-09 20:05:01.145133,288,3,2,{192:1;203:1;208:1;217:1;227:1;238:1;613:1;948:1;978:1;983:1;985:1;1011:1;1375:1;1384:1;1397:1;1728:1;1732:1;1736:1;1737:1;1741:1;1742:1;1743:1;1744:1;1745:1;1746:1;1753:1;1755:1;1758:1;1759:1;1760:1;1761:1;1762:1;1763:2;1764:1;1765:1;1766:1;1767:1;1768:2;1769:1;1772:1;1773:1;1776:1;1784:1;1785:1;1790:1;1791:1;1793:1;1798:1;1799:1;1800:1;1802:1;1803:1;1809:1;1812:1;1813:1;1818:1;1820:1;1821:1;1825:1;1828:1;1832:1;1833:1;1836:1;1839:1;1843:1;1844:1;1845:1;1848:1;1849:1;1850:1;1852:1;1854:1;1855:1;1857:1;1858:1;1859:1;1860:1;1863:1;1866:1;1873:1;1876:1;1879:1;1882:1;1883:1;1889:1;1890:1;1891:1;1892:1;1896:1;1897:1;1899:1;1900:1;1901:1;1902:1;1903:1;1904:1;1905:1;1920:1;1926:1;1927:1;1930:1;1936:1;1943:1;1945:1;1946:1;1949:1;1950:1;1951:1;1953:1;1955:1;1963:1;1965:1;1967:1;1968:1;1970:1;1972:1;1977:1;1979:1;1981:1;1983:1;1986:1;1987:1;1988:1;1992:1;1994:1;1996:1;1997:1;1999:1;2000:1;2003:1;2007:1;2013:1;2018:1;2020:1;2026:1;2027:1;2028:1;2029:1;2032:1;2034:1;2035:1;2037:1;},CCRTTT
2023-10-09 20:05:02.148964,289,1,0,{},RTTTTT
2023-10-09 20:05:03.146719,290,1,0,{},RTTTTT
2023-10-09 20:05:04.145125,291,1,0,{},RTTTTT
2023-10-09 20:05:05.146898,292,1,0,{},RTTTTT
2023-10-09 20:05:06.147884,293,6,6,{20:1;21:1;35:1;36:1;42:1;44:1;45:1;56:1;57:1;59:1;60:1;74:1;77:1;81:1;82:1;90:1;91:2;99:2;102:2;105:1;107:1;118:1;124:1;125:1;128:2;129:1;137:1;138:1;146:1;150:1;153:1;154:1;155:1;161:1;163:1;166:1;177:1;205:1;230:1;231:1;256:1;259:1;271:1;277:1;290:1;291:1;295:1;301:1;305:1;306:1;322:1;324:1;340:1;341:1;349:1;355:1;356:1;392:1;418:1;425:1;433:1;436:1;441:1;444:1;460:1;465:1;471:1;473:1;480:1;482:1;489:1;492:1;507:1;512:1;516:1;541:1;542:1;551:1;654:1;791:1;795:1;800:1;803:1;808:1;810:1;821:2;826:1;829:1;836:1;841:1;851:1;860:1;868:1;871:1;897:1;917:1;1125:1;1138:1;1162:1;1171:1;1177:1;1178:2;1179:1;1181:1;1183:1;1184:1;1186:1;1201:1;1213:1;1223:1;1224:1;1234:1;1235:1;1256:1;1257:1;1258:1;1259:1;1261:1;1264:1;1265:1;1266:1;1267:1;1268:1;1269:1;1274:1;1277:1;1280:1;1283:1;1284:1;1285:1;1286:1;1288:1;1292:1;1293:1;1294:1;1295:1;1301:1;1302:1;1308:1;1309:1;1311:1;1312:1;1318:1;1321:1;1322:1;1325:1;1327:1;1330:1;1332:1;1333:1;1336:1;1349:1;1350:1;1352:1;1355:1;1356:1;1364:1;1366:1;1369:1;1372:1;1373:1;1379:1;1380:1;1397:1;1399:1;1402:1;1406:1;1411:1;1412:1;1420:1;1424:1;1426:1;1427:1;1428:1;1436:1;1439:1;1458:1;1465:1;1469:1;1473:1;1478:1;1479:1;1483:1;1485:1;1486:1;1488:1;1489:1;1491:1;1492:1;1498:1;1499:1;1500:1;1501:1;1503:1;1506:1;1513:1;1514:1;1515:1;1518:1;1520:1;1524:1;1526:1;1528:1;1529:1;1530:1;1532:1;1535:1;1536:1;1537:1;1541:1;1544:1;1545:1;1547:1;1548:1;1554:1;1556:2;1557:1;1558:1;1563:1;1566:1;1569:1;1571:1;1575:1;1577:1;1578:1;1579:1;1580:1;1581:1;1582:1;1583:1;1587:1;1588:1;1589:1;1590:1;1591:1;1593:1;1594:1;1595:1;1598:2;1599:1;1602:1;1604:1;1606:1;1608:1;1609:1;1610:1;1612:1;1614:1;1615:1;1617:1;1619:1;1620:1;1623:1;1624:1;1626:1;1627:1;1629:1;1630:2;1631:1;1633:1;1635:1;1637:2;1641:1;1642:1;1643:1;1645:1;1646:1;1648:1;1649:1;1650:1;1651:1;1656:1;1658:1;1662:1;1663:1;1665:1;1668:2;1669:1;1671:1;1672:1;1673:1;1685:1;1686:1;1695:1;1700:1;1701:1;1703:1;1705:1;1710:1;1713:1;1717:1;1731:1;1732:1;1737:1;1744:1;1755:1;1756:1;1759:1;1770:1;1771:1;1779:1;1786:1;1788:1;1789:1;1793:1;1796:1;1808:1;1812:1;1815:1;1816:1;1817:1;1828:1;1830:1;1840:1;1842:1;1843:1;1844:1;1849:1;1851:2;1855:1;1857:2;1858:1;1860:1;1861:1;1864:1;1865:1;1867:1;1869:1;1874:1;1875:1;1885:2;1886:1;1887:1;1890:1;1906:1;1913:1;1916:1;1919:1;1922:1;1937:2;1941:2;1946:1;1948:1;1955:1;1964:1;1973:1;1975:1;1981:1;1984:1;2004:1;2023:1;2026:1;},CCCCCC
2023-10-09 20:05:07.145525,294,2,1,{425:1;426:1;909:1;},CRTTTT
2023-10-09 20:05:08.145865,295,1,0,{},RTTTTT
2023-10-09 20:05:09.145262,296,2,1,{1508:1;1515:1;1517:1;1519:1;1521:1;1522:1;1523:1;1524:1;1525:1;1526:1;1529:1;1530:1;1533:1;1534:1;1539:1;1540:1;1541:1;1546:1;1547:1;1548:1;1553:1;1562:1;1565:1;1566:1;1568:1;1569:1;1570:1;1571:1;1573:1;1580:1;1581:1;1582:1;1583:1;1589:1;1593:1;1594:1;1595:1;1596:1;1599:1;1600:1;1601:1;1606:1;1608:1;1612:1;1615:1;1616:1;1617:1;1618:1;1620:1;1621:1;1623:1;1624:1;1625:1;1626:1;1627:1;1628:1;1629:1;1630:1;1631:1;1632:1;1635:1;1638:1;1639:1;1640:1;1642:1;1643:1;1645:1;1649:1;1650:1;1653:1;1654:1;1655:1;1656:1;1657:1;1658:1;1660:1;1664:1;1665:1;1666:1;1667:1;1668:1;1670:1;1671:1;1673:1;1676:1;1679:1;1685:1;1687:1;1688:1;1691:1;1692:1;1695:1;1697:1;1699:1;1705:1;1706:1;1710:1;1711:1;1714:1;1715:1;1717:1;1719:1;1720:1;1721:1;1722:1;1724:1;1726:1;1730:1;1731:1;1732:1;1733:1;1734:1;1735:1;1737:1;1741:1;1742:1;1743:1;1745:1;1746:1;1747:1;1748:1;1749:1;1750:1;1751:1;1756:1;1757:1;1759:1;1761:1;1766:1;1769:1;1771:1;1772:1;1774:1;1780:1;1781:1;1783:1;1785:1;1790:1;1793:1;1796:1;1798:1;1800:1;1804:1;1806:1;1808:1;1809:1;1811:1;1813:1;1815:1;1816:1;1818:1;1822:1;1823:1;1826:1;1828:1;1831:1;1832:1;1833:1;1834:1;1836:1;1838:1;1839:1;1840:1;1843:1;1844:1;1847:1;1849:1;1850:1;1851:1;1852:1;1858:1;1861:1;1863:1;1866:1;1868:1;1869:1;1870:1;1873:1;1875:1;1879:1;1880:1;1881:1;1882:1;1883:1;1884:1;1885:1;1886:1;1887:1;1892:1;1893:1;1894:1;1895:1;1896:1;1898:1;1900:1;1902:1;1903:1;1907:1;1910:1;1914:1;1917:1;1919:1;1924:1;1925:1;1928:1;1929:1;1933:1;1934:1;1935:1;1936:1;1937:1;1943:1;1944:1;1945:1;1947:1;1948:1;1949:1;1950:1;1951:1;1952:1;1953:1;1954:1;1955:1;1956:1;1957:1;1958:1;1959:1;1962:1;1963:1;1964:1;1965:1;1966:1;1968:1;1970:1;1975:1;1979:1;1982:1;1984:1;1986:1;1988:1;1990:1;1992:1;1993:1;1996:1;1999:1;2000:1;2002:1;2003:1;2004:1;2006:1;2008:1;2009:1;2011:1;2013:1;2014:1;2015:1;2017:1;2018:1;2020:1;2021:1;2023:1;2025:1;2026:1;2031:1;2032:1;2034:1;2035:1;2037:1;2038:1;},CRTTTT
2023-10-09 20:05:10.145218,297,1,0,{},RTTTTT
2023-10-09 20:05:11.145552,298,2,1,{179:1;288:1;295:1;340:1;341:1;364:1;399:1;435:1;472:1;475:1;483:1;487:1;489:1;512:1;513:1;544:1;576:1;577:1;660:1;679:1;699:1;736:1;767:1;1045:1;1051:1;1052:1;1058:1;1059:1;1060:1;1064:1;1068:1;1078:1;1079:1;1080:1;1084:1;1086:1;1087:1;1091:1;1092:1;1095:1;1096:1;1097:1;1103:1;1104:1;1109:1;1111:1;1115:1;1116:1;1119:1;1121:1;1132:1;1136:1;1138:1;1140:1;1142:1;1147:1;1153:1;1154:1;1158:1;1166:1;1168:1;1176:1;1181:1;1182:1;1190:1;1201:1;1203:1;1209:1;1211:1;1214:1;1215:1;1224:1;1228:1;1231:1;1234:1;1236:1;1238:1;1243:1;1246:1;1251:1;1252:1;1254:1;1257:1;1259:1;1260:1;1270:1;1273:1;1276:1;1287:1;1293:1;1294:1;1297:1;1298:1;1300:1;1304:1;1306:1;1310:1;1311:1;1315:1;1319:1;1320:1;1321:1;1325:1;1326:1;1328:1;1330:1;1331:1;1332:1;1334:1;1335:1;1340:1;1342:1;1343:1;1347:1;1348:1;1353:1;1355:1;1356:1;1357:1;1358:1;1359:1;1361:1;1363:1;1369:1;1373:1;1376:1;1377:1;1378:1;1379:1;1380:1;1381:1;1385:1;1387:1;1388:1;1392:1;1393:1;1398:1;1399:1;1403:1;1404:1;1406:1;1408:1;1409:1;1410:1;1420:1;1422:1;1423:1;1431:1;1718:1;1724:1;1725:1;1727:1;1744:1;1763:1;1804:1;1827:1;1832:1;1833:1;1947:1;1948:1;2002:1;},CRTTTT
2023-10-09 20:05:12.146467,299,1,0,{},RTTTTT
2023-10-09 20:05:13.145540,300,3,2,{34:1;80:1;81:1;89:1;90:1;91:1;92:1;93:1;95:1;99:1;105:1;113:1;114:1;115:1;116:1;117:1;119:1;128:1;129:1;130:1;136:1;137:1;141:1;153:1;154:1;155:1;156:1;157:1;377:1;387:1;393:1;394:1;408:1;409:1;410:1;433:1;434:1;445:1;446:1;447:1;448:1;453:1;454:1;455:1;456:1;457:1;458:1;459:1;463:1;470:1;471:1;485:1;486:1;492:1;496:1;497:1;735:1;746:1;749:1;750:1;771:1;778:1;779:1;780:1;781:1;784:1;785:1;786:1;787:1;788:1;789:1;790:1;799:1;808:1;809:1;818:1;819:1;820:1;840:1;841:1;875:1;876:1;888:1;889:1;890:1;1076:1;1077:1;1078:1;1083:1;1111:1;1117:1;1120:1;1121:1;1124:1;1125:1;1133:1;1134:1;1135:1;1141:1;1142:1;1170:1;1171:1;1172:1;1173:1;1174:1;1184:1;1185:1;1186:1;1187:1;1193:1;1204:1;1205:1;1213:1;1218:1;1219:1;1220:1;1222:1;1256:1;1464:1;1465:1;1473:1;1474:1;1475:1;1476:1;1477:1;1479:1;1497:1;1498:1;1504:1;1505:1;1506:1;1507:1;1520:1;1521:1;1522:1;1528:1;1529:1;1530:1;1542:1;1543:1;1544:1;1545:1;1546:1;1560:1;1561:1;1562:1;1563:1;1564:1;1565:1;1577:1;1578:1;1579:1;1580:1;1581:1;1582:1;1584:1;1596:1;1597:1;1598:1;1599:1;1745:1;1748:1;1751:1;1763:1;1764:1;1765:1;1766:1;1768:1;1770:1;1780:1;1781:1;1782:1;1788:1;1789:1;1792:1;1793:1;1795:1;1797:1;1798:2;1799:2;1801:1;1803:1;1804:1;1806:1;1808:1;1809:1;1810:1;1811:1;1812:1;1814:1;1815:1;1816:1;1818:1;1822:1;1823:1;1824:1;1825:1;1826:1;1827:1;1828:1;1835:1;1837:1;1838:2;1839:2;1840:1;1841:1;1843:1;1844:2;1845:2;1848:2;1852:1;1854:1;1856:1;1857:1;1858:1;1859:1;1861:1;1862:2;1863:1;1864:1;1865:2;1869:1;1871:2;1872:1;1874:1;1878:1;1882:1;1883:1;1884:1;1885:1;1886:1;1887:1;1891:1;1893:1;1895:1;1898:1;1900:1;1901:2;1902:1;1904:2;1905:2;1908:1;1909:1;1912:1;1913:1;1914:1;1917:1;1919:1;1920:1;1921:1;1922:2;1927:1;1929:1;1932:2;1933:2;1934:1;1935:2;1936:1;1939:1;1943:2;1945:1;1946:1;1947:1;1948:1;1950:1;1956:1;1958:1;1959:1;1965:1;1967:1;1975:1;1977:1;1978:1;1979:1;1981:1;1982:1;1983:1;1986:1;1987:1;1990:1;1993:1;1995:1;1996:1;1997:1;1998:1;1999:1;2000:1;2001:1;2002:1;2003:1;2004:1;2007:1;2008:1;2010:1;2011:1;2012:1;2015:1;2018:1;2028:1;2030:1;2032:1;2033:1;2035:1;2036:1;2038:1;2039:1;},CCRTTT
2023-10-09 20:05:14.145558,301,1,0,{},RTTTTT
2023-10-09 20:05:15.145281,302,1,0,{},RTTTTT
2023-10-09 20:05:16.145330,303,1,0,{},RTTTTT
2023-10-09 20:05:17.145119,304,1,0,{},RTTTTT
2023-10-09 20:05:18.145108,305,1,0,{},RTTTTT
2023-10-09 20:05:19.145509,306,1,0,{},RTTTTT
2023-10-09 20:05:20.145610,307,2,1,{1496:1;1497:1;1498:1;1500:1;1501:1;1502:1;1505:1;1506:1;1507:1;1508:1;1509:1;1510:1;1511:1;1512:1;1513:1;1514:1;1515:1;1516:1;1517:1;1521:1;1523:1;1526:1;1527:1;1528:1;1530:1;1533:1;1536:1;1539:1;1540:1;1541:1;1545:1;1547:1;1552:1;1556:1;1557:1;1559:1;1560:1;1562:1;1566:1;1567:1;1568:1;1571:1;1577:1;1578:1;1579:1;1582:1;1583:1;1587:1;1588:1;1590:1;1591:1;1592:1;1593:1;1594:1;1597:1;1598:1;1600:1;1603:1;1605:1;1607:1;1612:1;1613:1;1617:1;1621:1;1622:1;1623:1;1625:1;1627:1;1628:1;1630:1;1632:1;1634:1;1635:1;1637:1;1638:1;1639:1;1641:1;1643:1;1645:1;1650:1;1658:1;1659:1;1660:1;1662:1;1665:1;1668:1;1669:1;1670:1;1671:1;1673:1;1674:1;1678:1;1679:1;1680:1;1683:1;1684:1;1691:1;1692:1;1696:1;1698:1;1699:1;1703:1;1707:1;1710:1;1715:1;1716:1;1717:1;1718:1;1719:1;1721:1;1724:1;1725:1;1726:1;1728:1;1729:1;1732:1;1733:1;1734:1;1735:1;1736:1;1737:1;1739:1;1740:1;1741:1;1742:1;1743:1;1744:1;1745:1;1746:1;1750:1;1752:1;1753:1;1755:1;1756:1;1760:1;1762:1;1766:1;1770:1;1771:1;1776:1;1777:1;1778:1;1781:1;1782:1;1789:1;1790:1;1795:1;1796:1;1798:1;1800:1;1801:1;1804:1;1806:1;1813:1;1814:1;1816:1;1818:1;1819:1;1820:1;1821:1;1823:1;1825:1;1826:1;1828:1;1834:1;1838:1;1841:1;1842:1;1844:1;1847:1;1848:1;1849:1;1854:1;1858:1;1860:1;1863:1;1864:1;1865:1;1867:1;1868:1;1870:1;1873:1;1874:1;1877:1;1881:1;1882:1;1883:1;1885:1;1886:1;1889:1;1891:1;1893:1;1894:1;1895:1;1899:1;1900:1;1901:1;1903:1;1906:1;1907:1;1908:1;1910:1;1912:1;1913:1;1916:1;1917:1;1919:1;1920:1;1922:1;1927:1;1928:1;1931:1;1932:1;1935:1;1937:1;1938:1;1939:1;1940:1;1941:1;1945:1;1946:1;1950:1;1951:1;1952:1;1954:1;1957:1;1958:1;1959:1;1960:1;1961:1;1963:1;1965:1;1968:1;1969:1;1970:1;1971:1;1974:1;1977:1;1978:1;1982:1;1983:1;1984:1;1985:1;1986:1;1988:1;1989:1;1995:1;1996:1;1997:1;1998:1;1999:1;2000:1;2003:1;2005:1;2008:1;2011:1;2012:1;2014:1;2016:1;2018:1;2019:1;2020:1;2022:1;2023:1;2024:1;2025:1;2026:1;2027:1;2028:1;2029:1;2030:1;2031:1;2033:1;2035:1;2037:1;2039:1;},CRTTTT
2023-10-09 20:05:21.144671,308,1,0,{},RTTTTT
2023-10-09 20:05:22.145532,309,1,0,{},RTTTTT
2023-10-09 20:05:23.145448,310,1,0,{},RTTTTT
2023-10-09 20:05:24.144825,311,1,0,{},RTTTTT
2023-10-09 20:05:25.144823,312,1,0,{},RTTTTT
2023-10-09 20:05:26.145592,313,1,0,{},RTTTTT
2023-10-09 20:05:27.145075,314,1,0,{},RTTTTT
2023-10-09 20:05:28.145166,315,1,0,{},RTTTTT
2023-10-09 20:05:29.146240,316,1,0,{},RTTTTT
2023-10-09 20:05:30.145770,317,1,0,{},RTTTTT
2023-10-09 20:05:31.146460,318,1,0,{},RTTTTT
2023-10-09 20:05:32.145598,319,1,0,{},RTTTTT
2023-10-09 20:05:33.145154,320,1,0,{},RTTTTT
2023-10-09 20:05:34.145322,321,1,0,{},RTTTTT
2023-10-09 20:05:35.144729,322,1,0,{},RTTTTT
2023-10-09 20:05:36.145414,323,1,0,{},RTTTTT
2023-10-09 20:05:37.146504,324,1,0,{},RTTTTT
2023-10-09 20:05:38.146643,325,1,0,{},RTTTTT
2023-10-09 20:05:39.146652,326,1,0,{},RTTTTT
2023-10-09 20:05:40.144390,327,1,0,{},RTTTTT
2023-10-09 20:05:41.144721,328,1,0,{},RTTTTT
2023-10-09 20:05:42.145833,329,1,0,{},RTTTTT
2023-10-09 20:05:43.146300,330,1,0,{},RTTTTT
2023-10-09 20:05:44.145476,331,1,0,{},RTTTTT
2023-10-09 20:05:45.145314,332,1,0,{},RTTTTT
2023-10-09 20:05:46.145526,333,1,0,{},RTTTTT
2023-10-09 20:05:47.145757,334,1,0,{},RTTTTT
2023-10-09 20:05:48.144863,335,1,0,{},RTTTTT
2023-10-09 20:05:49.144887,336,1,0,{},RTTTTT
2023-10-09 20:05:50.145612,337,1,0,{},RTTTTT
2023-10-09 20:05:51.145806,338,1,0,{},RTTTTT
2023-10-09 20:05:52.145773,339,1,0,{},RTTTTT
2023-10-09 20:05:53.145221,340,1,0,{},RTTTTT
2023-10-09 20:05:54.145472,341,1,0,{},RTTTTT
2023-10-09 20:05:55.146119,342,1,0,{},RTTTTT
2023-10-09 20:05:56.145631,343,1,0,{},RTTTTT
2023-10-09 20:05:57.145087,344,1,0,{},RTTTTT
2023-10-09 20:05:58.146102,345,1,0,{},RTTTTT
2023-10-09 20:05:59.145720,346,1,0,{},RTTTTT
2023-10-09 20:06:00.146144,347,1,0,{},RTTTTT
2023-10-09 20:06:01.145372,348,1,0,{},RTTTTT
2023-10-09 20:06:02.145631,349,1,0,{},RTTTTT
2023-10-09 20:06:03.146283,350,1,0,{},RTTTTT
2023-10-09 20:06:04.145054,351,1,0,{},RTTTTT
2023-10-09 20:06:05.146778,352,2,1,{1152:1;1153:1;1154:1;1155:1;1156:1;1158:1;1160:1;1161:1;1162:1;1163:1;1166:1;1167:1;1172:1;1173:1;1174:1;1175:1;1188:1;1190:1;1192:1;1195:1;1198:1;1202:1;1204:1;1213:1;1218:1;1220:1;1223:1;1224:1;1225:1;1227:1;1229:1;1230:1;1231:1;1233:1;1234:1;1235:1;1237:1;1239:1;1241:1;1243:1;1250:1;1253:1;1254:1;1258:1;1259:1;1260:1;1262:1;1263:1;1264:1;1267:1;1268:1;1270:1;1271:1;1272:1;1276:1;1280:1;1285:1;1286:1;1287:1;1289:1;1291:1;1292:1;1294:1;1296:1;1299:1;1300:1;1303:1;1304:1;1307:1;1308:1;1310:1;1313:1;1316:1;1318:1;1319:1;1320:1;1322:1;1324:1;1325:1;1327:1;1328:1;1329:1;1330:1;1336:1;1338:1;1341:1;1344:1;1348:1;1350:1;1352:1;1356:1;1359:1;1360:1;1361:1;1365:1;1366:1;1368:1;1369:1;1370:1;1374:1;1375:1;1378:1;1379:1;1384:1;1387:1;1390:1;1392:1;1393:1;1396:1;1398:1;1399:1;1400:1;1402:1;1404:1;1406:1;1407:1;1412:1;1413:1;1414:1;1416:1;1418:1;1419:1;1420:1;1423:1;1426:1;1430:1;1431:1;1432:1;1433:1;1435:1;1436:1;1438:1;1439:1;1443:1;1452:1;1453:1;1454:1;1460:1;1461:1;1462:1;1464:1;1466:1;1469:1;1470:1;1471:1;1472:1;1474:1;1475:1;1477:1;1480:1;1481:1;1483:1;1487:1;1489:1;1490:1;1492:1;1494:1;1499:1;1500:1;1502:1;1506:1;1507:1;1508:1;1510:1;1513:1;1518:1;1521:1;1522:1;1523:1;1527:1;1528:1;1532:1;1536:1;1537:1;1538:1;1539:1;1541:1;1543:1;1545:1;1546:1;1549:1;1553:1;1554:1;1556:1;1560:1;1563:1;1568:1;1574:1;1575:1;1579:1;1580:1;1581:1;1583:1;1585:1;1586:1;1589:1;1590:1;1591:1;1592:1;1594:1;1596:1;1600:1;1607:1;1610:1;1611:1;1612:1;1613:1;1615:1;1616:1;1618:1;1620:1;1621:1;1623:1;1624:1;1627:1;1631:1;1632:1;1633:1;1634:1;1640:1;1645:1;1646:1;1653:1;1654:1;1655:1;1662:1;1664:1;1665:1;1669:1;1670:1;1672:1;1674:1;1677:1;1678:1;1679:1;1682:1;1683:1;1684:1;1685:1;1688:1;1690:1;1692:1;1695:1;1697:1;1699:1;1701:1;1702:1;1703:1;1704:1;1706:1;1709:1;1711:1;1714:1;1716:1;1717:1;1720:1;1721:1;1723:1;1724:1;1729:1;1731:1;1735:1;1738:1;1740:1;1742:1;1743:1;1744:1;1746:1;1747:1;1749:1;1751:1;1752:1;1754:1;1755:1;1758:1;1759:1;1760:1;1761:1;1762:1;1763:1;1764:1;1766:1;1769:1;1772:1;1775:1;},CRTTTT
2023-10-09 20:06:06.146047,353,1,0,{},RTTTTT
2023-10-09 20:06:07.145701,354,1,0,{},RTTTTT
2023-10-09 20:06:08.146805,355,1,0,{},RTTTTT
2023-10-09 20:06:09.146758,356,1,0,{},RTTTTT
2023-10-09 20:06:10.147725,357,1,0,{},RTTTTT
2023-10-09 20:06:11.146052,358,1,0,{},RTTTTT
2023-10-09 20:06:12.146411,359,1,0,{},RTTTTT
2023-10-09 20:06:13.146555,360,1,0,{},RTTTTT
2023-10-09 20:06:14.147074,361,1,0,{},RTTTTT
2023-10-09 20:06:15.146580,362,1,0,{},RTTTTT
2023-10-09 20:06:16.145609,363,1,0,{},RTTTTT
