Timestamp,ROUND,N_RX,N_ERR_PKTS,BV_COUNT,BV_SCS_FLAG,ERRS,SLOTS
2023-09-09 01:18:58.149160,2,1,0,0,-1,{},RTTTTT
2023-09-09 01:18:59.148905,3,1,0,0,-1,{},RTTTTT
2023-09-09 01:19:00.148382,4,1,0,0,-1,{},RTTTTT
2023-09-09 01:19:01.149310,5,1,0,0,-1,{},RTTTTT
2023-09-09 01:19:02.148695,6,1,0,0,-1,{},RTTTTT
2023-09-09 01:19:03.150462,7,1,0,0,-1,{},RTTTTT
2023-09-09 01:19:04.151508,8,1,0,0,-1,{},RTTTTT
2023-09-09 01:19:05.150314,9,1,0,0,-1,{},RTTTTT
2023-09-09 01:19:06.150388,10,1,0,0,-1,{},RTTTTT
2023-09-09 01:19:07.149997,11,1,0,0,-1,{},RTTTTT
2023-09-09 01:19:08.149847,12,1,0,0,-1,{},RTTTTT
2023-09-09 01:19:09.154360,13,1,0,0,-1,{},RTTTTT
2023-09-09 01:19:10.150571,14,1,0,0,-1,{},RTTTTT
2023-09-09 01:19:11.150387,15,1,0,0,-1,{},RTTTTT
2023-09-09 01:19:12.150278,16,1,0,0,-1,{},RTTTTT
2023-09-09 01:19:13.149182,17,1,0,0,-1,{},RTTTTT
2023-09-09 01:19:14.150241,18,1,0,0,-1,{},RTTTTT
2023-09-09 01:19:15.150042,19,1,0,0,-1,{},RTTTTT
2023-09-09 01:19:16.150353,20,1,0,0,-1,{},RTTTTT
2023-09-09 01:19:17.150911,21,1,0,0,-1,{},RTTTTT
2023-09-09 01:19:18.149898,22,1,0,0,-1,{},RTTTTT
2023-09-09 01:19:19.149653,23,1,0,0,-1,{},RTTTTT
2023-09-09 01:19:20.151137,24,1,0,0,-1,{},RTTTTT
2023-09-09 01:19:21.150213,25,1,0,0,-1,{},RTTTTT
2023-09-09 01:19:22.150251,26,1,0,0,-1,{},RTTTTT
2023-09-09 01:19:23.150599,27,1,0,0,-1,{},RTTTTT
2023-09-09 01:19:24.152219,28,1,0,0,-1,{},RTTTTT
2023-09-09 01:19:25.151133,29,1,0,0,-1,{},RTTTTT
2023-09-09 01:19:26.150075,30,1,0,0,-1,{},RTTTTT
2023-09-09 01:19:27.150521,31,1,0,0,-1,{},RTTTTT
2023-09-09 01:19:28.150522,32,1,0,0,-1,{},RTTTTT
2023-09-09 01:19:29.150167,33,1,0,0,-1,{},RTTTTT
2023-09-09 01:19:30.150484,34,1,0,0,-1,{},RTTTTT
2023-09-09 01:19:31.150806,35,1,0,0,-1,{},RTTTTT
2023-09-09 01:19:32.151013,36,1,0,0,-1,{},RTTTTT
2023-09-09 01:19:33.151412,37,1,0,0,-1,{},RTTTTT
2023-09-09 01:19:34.150118,38,1,0,0,-1,{},RTTTTT
2023-09-09 01:19:35.150627,39,1,0,0,-1,{},RTTTTT
2023-09-09 01:19:36.151263,40,1,0,0,-1,{},RTTTTT
2023-09-09 01:19:37.151187,41,1,0,0,-1,{},RTTTTT
2023-09-09 01:19:38.150384,42,1,0,0,-1,{},RTTTTT
2023-09-09 01:19:39.151153,43,1,0,0,-1,{},RTTTTT
2023-09-09 01:19:40.150063,44,1,0,0,-1,{},RTTTTT
2023-09-09 01:19:41.150715,45,1,0,0,-1,{},RTTTTT
2023-09-09 01:19:42.150643,46,1,0,0,-1,{},RTTTTT
2023-09-09 01:19:43.150458,47,1,0,0,-1,{},RTTTTT
2023-09-09 01:19:44.151015,48,1,0,0,-1,{},RTTTTT
2023-09-09 01:19:45.150245,49,1,0,0,-1,{},RTTTTT
2023-09-09 01:19:46.150643,50,1,0,0,-1,{},RTTTTT
2023-09-09 01:19:47.150742,51,1,0,0,-1,{},RTTTTT
2023-09-09 01:19:48.151194,52,1,0,0,-1,{},RTTTTT
2023-09-09 01:19:49.150568,53,1,0,0,-1,{},RTTTTT
2023-09-09 01:19:50.150693,54,1,0,0,-1,{},RTTTTT
2023-09-09 01:19:51.150350,55,1,0,0,-1,{},RTTTTT
2023-09-09 01:19:52.151258,56,1,0,0,-1,{},RTTTTT
2023-09-09 01:19:53.151143,57,1,0,0,-1,{},RTTTTT
2023-09-09 01:19:54.151152,58,1,0,0,-1,{},RTTTTT
2023-09-09 01:19:55.150662,59,1,0,0,-1,{},RTTTTT
2023-09-09 01:19:56.150142,60,1,0,0,-1,{},RTTTTT
2023-09-09 01:19:57.150114,61,1,0,0,-1,{},RTTTTT
2023-09-09 01:19:58.151683,62,1,0,0,-1,{},RTTTTT
2023-09-09 01:19:59.150717,63,1,0,0,-1,{},RTTTTT
2023-09-09 01:20:00.152809,64,1,0,0,-1,{},RTTTTT
2023-09-09 01:20:01.150741,65,1,0,0,-1,{},RTTTTT
2023-09-09 01:20:02.151378,66,1,0,0,-1,{},RTTTTT
2023-09-09 01:20:03.150848,67,1,0,0,-1,{},RTTTTT
2023-09-09 01:20:04.151449,68,1,0,0,-1,{},RTTTTT
2023-09-09 01:20:05.151302,69,1,0,0,-1,{},RTTTTT
2023-09-09 01:20:06.150959,70,1,0,0,-1,{},RTTTTT
2023-09-09 01:20:07.150782,71,1,0,0,-1,{},RTTTTT
2023-09-09 01:20:08.150988,72,1,0,0,-1,{},RTTTTT
2023-09-09 01:20:09.150635,73,1,0,0,-1,{},RTTTTT
2023-09-09 01:20:10.152923,74,1,0,0,-1,{},RTTTTT
2023-09-09 01:20:11.150994,75,1,0,0,-1,{},RTTTTT
2023-09-09 01:20:12.151389,76,1,0,0,-1,{},RTTTTT
2023-09-09 01:20:13.150857,77,1,0,0,-1,{},RTTTTT
2023-09-09 01:20:14.148805,78,1,0,0,-1,{},RTTTTT
2023-09-09 01:20:15.150599,79,1,0,0,-1,{},RTTTTT
2023-09-09 01:20:16.150097,80,1,0,0,-1,{},RTTTTT
2023-09-09 01:20:17.150365,81,1,0,0,-1,{},RTTTTT
2023-09-09 01:20:18.149755,82,1,0,0,-1,{},RTTTTT
2023-09-09 01:20:19.150059,83,1,0,0,-1,{},RTTTTT
2023-09-09 01:20:20.151221,84,1,0,0,-1,{},RTTTTT
2023-09-09 01:20:21.149659,85,1,0,0,-1,{},RTTTTT
2023-09-09 01:20:22.149315,86,1,0,0,-1,{},RTTTTT
2023-09-09 01:20:23.149894,87,1,0,0,-1,{},RTTTTT
2023-09-09 01:20:24.149353,88,1,0,0,-1,{},RTTTTT
2023-09-09 01:20:25.151520,89,1,0,0,-1,{},RTTTTT
2023-09-09 01:20:26.150717,90,1,0,0,-1,{},RTTTTT
2023-09-09 01:20:27.150509,91,1,0,0,-1,{},RTTTTT
2023-09-09 01:20:28.150245,92,1,0,0,-1,{},RTTTTT
2023-09-09 01:20:29.150045,93,1,0,0,-1,{},RTTTTT
2023-09-09 01:20:30.150816,94,1,0,0,-1,{},RTTTTT
2023-09-09 01:20:31.150218,95,1,0,0,-1,{},RTTTTT
2023-09-09 01:20:32.150218,96,1,0,0,-1,{},RTTTTT
2023-09-09 01:20:33.149970,97,1,0,0,-1,{},RTTTTT
2023-09-09 01:20:34.150867,98,1,0,0,-1,{},RTTTTT
2023-09-09 01:20:35.150810,99,1,0,0,-1,{},RTTTTT
2023-09-09 01:20:36.150191,100,1,0,0,-1,{},RTTTTT
2023-09-09 01:20:37.150454,101,1,0,0,-1,{},RTTTTT
2023-09-09 01:20:38.149985,102,1,0,0,-1,{},RTTTTT
2023-09-09 01:20:39.151693,103,1,0,0,-1,{},RTTTTT
2023-09-09 01:20:40.150662,104,1,0,0,-1,{},RTTTTT
2023-09-09 01:20:41.150494,105,1,0,0,-1,{},RTTTTT
2023-09-09 01:20:42.149984,106,1,0,0,-1,{},RTTTTT
2023-09-09 01:20:43.150277,107,1,0,0,-1,{},RTTTTT
2023-09-09 01:20:44.150515,108,1,0,0,-1,{},RTTTTT
2023-09-09 01:20:45.149362,109,1,0,0,-1,{},RTTTTT
2023-09-09 01:20:46.152119,110,1,0,0,-1,{},RTTTTT
2023-09-09 01:20:47.150626,111,1,0,0,-1,{},RTTTTT
2023-09-09 01:20:48.150242,112,1,0,0,-1,{},RTTTTT
2023-09-09 01:20:49.150501,113,1,0,0,-1,{},RTTTTT
2023-09-09 01:20:50.150136,114,1,0,0,-1,{},RTTTTT
2023-09-09 01:20:51.151134,115,1,0,0,-1,{},RTTTTT
2023-09-09 01:20:52.149821,116,1,0,0,-1,{},RTTTTT
2023-09-09 01:20:53.149756,117,1,0,0,-1,{},RTTTTT
2023-09-09 01:20:54.150121,118,1,0,0,-1,{},RTTTTT
2023-09-09 01:20:55.149240,119,1,0,0,-1,{},RTTTTT
2023-09-09 01:20:56.150999,120,1,0,0,-1,{},RTTTTT
2023-09-09 01:20:57.150557,121,1,0,0,-1,{},RTTTTT
2023-09-09 01:20:58.150416,122,1,0,0,-1,{},RTTTTT
2023-09-09 01:20:59.150279,123,1,0,0,-1,{},RTTTTT
2023-09-09 01:21:00.151281,124,1,0,0,-1,{},RTTTTT
2023-09-09 01:21:01.149366,125,1,0,0,-1,{},RTTTTT
2023-09-09 01:21:02.149248,126,1,0,0,-1,{},RTTTTT
2023-09-09 01:21:03.151318,127,1,0,0,-1,{},RTTTTT
2023-09-09 01:21:04.150596,128,1,0,0,-1,{},RTTTTT
2023-09-09 01:21:05.150109,129,1,0,0,-1,{},RTTTTT
2023-09-09 01:21:06.149892,130,1,0,0,-1,{},RTTTTT
2023-09-09 01:21:07.150418,131,1,0,0,-1,{},RTTTTT
2023-09-09 01:21:08.150692,132,1,0,0,-1,{},RTTTTT
2023-09-09 01:21:09.150861,133,1,0,0,-1,{},RTTTTT
2023-09-09 01:21:10.151645,134,1,0,0,-1,{},RTTTTT
2023-09-09 01:21:11.150901,135,1,0,0,-1,{},RTTTTT
2023-09-09 01:21:12.151030,136,1,0,0,-1,{},RTTTTT
2023-09-09 01:21:13.151617,137,1,0,0,-1,{},RTTTTT
2023-09-09 01:21:14.150562,138,1,0,0,-1,{},RTTTTT
2023-09-09 01:21:15.151002,139,1,0,0,-1,{},RTTTTT
2023-09-09 01:21:16.150873,140,1,0,0,-1,{},RTTTTT
2023-09-09 01:21:17.148803,141,1,0,0,-1,{},RTTTTT
2023-09-09 01:21:18.149738,142,1,0,0,-1,{},RTTTTT
2023-09-09 01:21:19.150510,143,1,0,0,-1,{},RTTTTT
2023-09-09 01:21:20.149049,144,1,0,0,-1,{},RTTTTT
2023-09-09 01:21:21.151330,145,1,0,0,-1,{},RTTTTT
2023-09-09 01:21:22.150013,146,1,0,0,-1,{},RTTTTT
2023-09-09 01:21:23.151797,147,1,0,0,-1,{},RTTTTT
2023-09-09 01:21:24.151684,148,1,0,0,-1,{},RTTTTT
2023-09-09 01:21:25.150400,149,1,0,0,-1,{},RTTTTT
2023-09-09 01:21:26.150658,150,1,0,0,-1,{},RTTTTT
2023-09-09 01:21:27.150917,151,1,0,0,-1,{},RTTTTT
2023-09-09 01:21:28.151500,152,1,0,0,-1,{},RTTTTT
2023-09-09 01:21:29.150458,153,1,0,0,-1,{},RTTTTT
2023-09-09 01:21:30.148848,154,1,0,0,-1,{},RTTTTT
2023-09-09 01:21:31.150660,155,1,0,0,-1,{},RTTTTT
2023-09-09 01:21:32.150575,156,1,0,0,-1,{},RTTTTT
2023-09-09 01:21:33.149304,157,1,0,0,-1,{},RTTTTT
2023-09-09 01:21:34.149709,158,1,0,0,-1,{},RTTTTT
2023-09-09 01:21:35.150746,159,1,0,0,-1,{},RTTTTT
2023-09-09 01:21:36.149279,160,1,0,0,-1,{},RTTTTT
2023-09-09 01:21:37.150558,161,1,0,0,-1,{},RTTTTT
2023-09-09 01:21:38.151281,162,1,0,0,-1,{},RTTTTT
2023-09-09 01:21:39.148897,163,1,0,0,-1,{},RTTTTT
2023-09-09 01:21:40.149278,164,1,0,0,-1,{},RTTTTT
2023-09-09 01:21:41.150864,165,1,0,0,-1,{},RTTTTT
2023-09-09 01:21:42.150548,166,1,0,0,-1,{},RTTTTT
2023-09-09 01:21:43.150701,167,1,0,0,-1,{},RTTTTT
2023-09-09 01:21:44.149091,168,1,0,0,-1,{},RTTTTT
2023-09-09 01:21:45.148985,169,1,0,0,-1,{},RTTTTT
2023-09-09 01:21:46.149849,170,1,0,0,-1,{},RTTTTT
2023-09-09 01:21:47.148767,171,1,0,0,-1,{},RTTTTT
2023-09-09 01:21:48.151083,172,1,0,0,-1,{},RTTTTT
2023-09-09 01:21:49.148986,173,1,0,0,-1,{},RTTTTT
2023-09-09 01:21:50.149973,174,1,0,0,-1,{},RTTTTT
2023-09-09 01:21:51.151034,175,1,0,0,-1,{},RTTTTT
2023-09-09 01:21:52.150228,176,1,0,0,-1,{},RTTTTT
2023-09-09 01:21:53.150561,177,2,1,1,-1,{},CRTTTT
2023-09-09 01:21:54.150547,178,1,0,1,-1,{},RTTTTT
2023-09-09 01:21:55.151010,179,1,0,0,-1,{},RTTTTT
2023-09-09 01:21:56.151285,180,1,0,0,-1,{},RTTTTT
2023-09-09 01:21:57.151138,181,1,0,0,-1,{},RTTTTT
2023-09-09 01:21:58.150334,182,1,0,0,-1,{},RTTTTT
2023-09-09 01:21:59.150830,183,1,0,0,-1,{},RTTTTT
2023-09-09 01:22:00.151106,184,1,0,0,-1,{},RTTTTT
2023-09-09 01:22:01.150603,185,1,0,0,-1,{},RTTTTT
2023-09-09 01:22:02.150501,186,1,0,0,-1,{},RTTTTT
2023-09-09 01:22:03.150359,187,1,0,0,-1,{},RTTTTT
2023-09-09 01:22:04.150575,188,1,0,0,-1,{},RTTTTT
2023-09-09 01:22:05.150252,189,1,0,0,-1,{},RTTTTT
2023-09-09 01:22:06.151100,190,1,0,0,-1,{},RTTTTT
2023-09-09 01:22:07.149786,191,1,0,0,-1,{},RTTTTT
2023-09-09 01:22:08.149332,192,1,0,0,-1,{},RTTTTT
2023-09-09 01:22:09.150420,193,1,0,0,-1,{},RTTTTT
2023-09-09 01:22:10.149658,194,1,0,0,-1,{},RTTTTT
2023-09-09 01:22:11.151282,195,1,0,0,-1,{},RTTTTT
2023-09-09 01:22:12.149186,196,1,0,0,-1,{},RTTTTT
2023-09-09 01:22:13.149837,197,1,0,0,-1,{},RTTTTT
2023-09-09 01:22:14.149949,198,1,0,0,-1,{},RTTTTT
2023-09-09 01:22:15.149922,199,1,0,0,-1,{},RTTTTT
2023-09-09 01:22:16.151633,200,1,0,0,-1,{},RTTTTT
2023-09-09 01:22:17.149954,201,1,0,0,-1,{},RTTTTT
2023-09-09 01:22:18.151760,202,1,0,0,-1,{},RTTTTT
2023-09-09 01:22:19.151756,203,1,0,0,-1,{},RTTTTT
2023-09-09 01:22:20.151067,204,1,0,0,-1,{},RTTTTT
2023-09-09 01:22:21.150787,205,1,0,0,-1,{},RTTTTT
2023-09-09 01:22:22.150072,206,1,0,0,-1,{},RTTTTT
2023-09-09 01:22:23.151072,207,1,0,0,-1,{},RTTTTT
2023-09-09 01:22:24.152023,208,1,0,0,-1,{},RTTTTT
2023-09-09 01:22:25.150026,209,1,0,0,-1,{},RTTTTT
2023-09-09 01:22:26.150788,210,1,0,0,-1,{},RTTTTT
2023-09-09 01:22:27.150074,211,1,0,0,-1,{},HRTTTT
2023-09-09 01:22:28.151395,212,1,0,0,-1,{},RTTTTT
2023-09-09 01:22:29.151671,213,1,0,0,-1,{},RTTTTT
2023-09-09 01:22:30.150544,214,1,0,0,-1,{},RTTTTT
2023-09-09 01:22:31.152419,215,1,0,0,-1,{},RTTTTT
2023-09-09 01:22:32.150369,216,1,0,0,-1,{},RTTTTT
2023-09-09 01:22:33.150823,217,1,0,0,-1,{},RTTTTT
2023-09-09 01:22:34.151167,218,1,0,0,-1,{},RTTTTT
2023-09-09 01:22:35.150541,219,1,0,0,-1,{},RTTTTT
2023-09-09 01:22:36.149276,220,1,0,0,-1,{},RTTTTT
2023-09-09 01:22:37.150459,221,1,0,0,-1,{},RTTTTT
2023-09-09 01:22:38.148896,222,1,0,0,-1,{},RTTTTT
2023-09-09 01:22:39.149531,223,1,0,0,-1,{},RTTTTT
2023-09-09 01:22:40.149129,224,1,0,0,-1,{},RTTTTT
2023-09-09 01:22:41.149323,225,1,0,0,-1,{},RTTTTT
2023-09-09 01:22:42.149639,226,1,0,0,-1,{},RTTTTT
2023-09-09 01:22:43.150325,227,1,0,0,-1,{},RTTTTT
2023-09-09 01:22:44.150830,228,1,0,0,-1,{},RTTTTT
2023-09-09 01:22:45.149102,229,1,0,0,-1,{},RTTTTT
2023-09-09 01:22:46.150231,230,1,0,0,-1,{},RTTTTT
2023-09-09 01:22:47.148803,231,1,0,0,-1,{},RTTTTT
2023-09-09 01:22:48.150133,232,1,0,0,-1,{},RTTTTT
2023-09-09 01:22:49.149358,233,1,0,0,-1,{},RTTTTT
2023-09-09 01:22:50.150097,234,1,0,0,-1,{},RTTTTT
2023-09-09 01:22:51.149726,235,1,0,0,-1,{},RTTTTT
2023-09-09 01:22:52.150164,236,1,0,0,-1,{},RTTTTT
2023-09-09 01:22:53.153296,237,1,0,0,-1,{},RTTTTT
2023-09-09 01:22:54.149023,238,1,0,0,-1,{},RTTTTT
2023-09-09 01:22:55.150273,239,1,0,0,-1,{},RTTTTT
2023-09-09 01:22:56.149647,240,1,0,0,-1,{},RTTTTT
2023-09-09 01:22:57.149880,241,1,0,0,-1,{},RTTTTT
2023-09-09 01:22:58.149729,242,1,0,0,-1,{},RTTTTT
2023-09-09 01:22:59.149814,243,1,0,0,-1,{},RTTTTT
2023-09-09 01:23:00.150174,244,1,0,0,-1,{},RTTTTT
2023-09-09 01:23:01.149148,245,1,0,0,-1,{},RTTTTT
2023-09-09 01:23:02.149333,246,1,0,0,-1,{},RTTTTT
2023-09-09 01:23:03.149571,247,1,0,0,-1,{},RTTTTT
2023-09-09 01:23:04.150651,248,1,0,0,-1,{},RTTTTT
2023-09-09 01:23:05.150171,249,1,0,0,-1,{},RTTTTT
2023-09-09 01:23:06.150251,250,1,0,0,-1,{},RTTTTT
2023-09-09 01:23:07.150670,251,1,0,0,-1,{},RTTTTT
2023-09-09 01:23:08.149975,252,1,0,0,-1,{},RTTTTT
2023-09-09 01:23:09.149362,253,1,0,0,-1,{},RTTTTT
2023-09-09 01:23:10.149178,254,1,0,0,-1,{},RTTTTT
2023-09-09 01:23:11.149648,255,1,0,0,-1,{},RTTTTT
2023-09-09 01:23:12.149331,256,1,0,0,-1,{},RTTTTT
2023-09-09 01:23:13.148915,257,1,0,0,-1,{},RTTTTT
2023-09-09 01:23:14.149191,258,1,0,0,-1,{},RTTTTT
2023-09-09 01:23:15.149244,259,1,0,0,-1,{},RTTTTT
2023-09-09 01:23:16.148565,260,1,0,0,-1,{},RTTTTT
2023-09-09 01:23:17.148505,261,1,0,0,-1,{},RTTTTT
2023-09-09 01:23:18.148832,262,1,0,0,-1,{},RTTTTT
2023-09-09 01:23:19.148867,263,1,0,0,-1,{},RTTTTT
2023-09-09 01:23:20.150014,264,1,0,0,-1,{},RTTTTT
2023-09-09 01:23:21.149779,265,1,0,0,-1,{},RTTTTT
2023-09-09 01:23:22.149531,266,1,0,0,-1,{},RTTTTT
2023-09-09 01:23:23.149194,267,1,0,0,-1,{},RTTTTT
2023-09-09 01:23:24.150973,268,1,0,0,-1,{},RTTTTT
2023-09-09 01:23:25.149735,269,1,0,0,-1,{},RTTTTT
2023-09-09 01:23:26.149019,270,1,0,0,-1,{},RTTTTT
2023-09-09 01:23:27.149623,271,1,0,0,-1,{},RTTTTT
2023-09-09 01:23:28.150049,272,1,0,0,-1,{},RTTTTT
2023-09-09 01:23:29.148804,273,1,0,0,-1,{},RTTTTT
2023-09-09 01:23:30.148530,274,1,0,0,-1,{},RTTTTT
2023-09-09 01:23:31.150920,275,1,0,0,-1,{},RTTTTT
2023-09-09 01:23:32.149232,276,1,0,0,-1,{},RTTTTT
2023-09-09 01:23:33.148858,277,1,0,0,-1,{},RTTTTT
2023-09-09 01:23:34.149242,278,1,0,0,-1,{},RTTTTT
2023-09-09 01:23:35.149971,279,1,0,0,-1,{},RTTTTT
2023-09-09 01:23:36.150755,280,1,0,0,-1,{},RTTTTT
2023-09-09 01:23:37.148980,281,1,0,0,-1,{},RTTTTT
2023-09-09 01:23:38.150273,282,1,0,0,-1,{},RTTTTT
2023-09-09 01:23:39.149612,283,1,0,0,-1,{},RTTTTT
2023-09-09 01:23:40.149365,284,1,0,0,-1,{},RTTTTT
2023-09-09 01:23:41.148920,285,1,0,0,-1,{},RTTTTT
2023-09-09 01:23:42.149867,286,1,0,0,-1,{},RTTTTT
2023-09-09 01:23:43.149282,287,1,0,0,-1,{},RTTTTT
2023-09-09 01:23:44.150348,288,1,0,0,-1,{},RTTTTT
2023-09-09 01:23:45.150158,289,1,0,0,-1,{},RTTTTT
2023-09-09 01:23:46.150072,290,1,0,0,-1,{},RTTTTT
2023-09-09 01:23:47.149933,291,1,0,0,-1,{},RTTTTT
2023-09-09 01:23:48.149790,292,1,0,0,-1,{},RTTTTT
2023-09-09 01:23:49.149071,293,1,0,0,-1,{},RTTTTT
2023-09-09 01:23:50.149211,294,1,0,0,-1,{},RTTTTT
2023-09-09 01:23:51.149074,295,1,0,0,-1,{},RTTTTT
2023-09-09 01:23:52.150141,296,1,0,0,-1,{},RTTTTT
2023-09-09 01:23:53.149880,297,1,0,0,-1,{},RTTTTT
2023-09-09 01:23:54.149102,298,1,0,0,-1,{},RTTTTT
2023-09-09 01:23:55.149132,299,1,0,0,-1,{},RTTTTT
2023-09-09 01:23:56.148889,300,1,0,0,-1,{},RTTTTT
2023-09-09 01:23:57.149773,301,1,0,0,-1,{},RTTTTT
2023-09-09 01:23:58.149368,302,1,0,0,-1,{},RTTTTT
2023-09-09 01:23:59.150876,303,1,0,0,-1,{},RTTTTT
2023-09-09 01:24:00.150849,304,1,0,0,-1,{},RTTTTT
2023-09-09 01:24:01.147992,305,1,0,0,-1,{},RTTTTT
2023-09-09 01:24:02.148872,306,1,0,0,-1,{},RTTTTT
2023-09-09 01:24:03.148840,307,1,0,0,-1,{},RTTTTT
2023-09-09 01:24:04.149343,308,1,0,0,-1,{},RTTTTT
2023-09-09 01:24:05.148871,309,1,0,0,-1,{},RTTTTT
2023-09-09 01:24:06.149716,310,1,0,0,-1,{},RTTTTT
2023-09-09 01:24:07.148750,311,1,0,0,-1,{},RTTTTT
2023-09-09 01:24:08.149072,312,1,0,0,-1,{},RTTTTT
2023-09-09 01:24:09.149355,313,1,0,0,-1,{},RTTTTT
2023-09-09 01:24:10.150759,314,1,0,0,-1,{},RTTTTT
2023-09-09 01:24:11.150426,315,1,0,0,-1,{},RTTTTT
2023-09-09 01:24:12.149230,316,1,0,0,-1,{},RTTTTT
2023-09-09 01:24:13.149331,317,1,0,0,-1,{},RTTTTT
2023-09-09 01:24:14.149865,318,1,0,0,-1,{},RTTTTT
2023-09-09 01:24:15.152783,319,1,0,0,-1,{},RTTTTT
2023-09-09 01:24:16.151146,320,1,0,0,-1,{},RTTTTT
2023-09-09 01:24:17.148819,321,1,0,0,-1,{},RTTTTT
2023-09-09 01:24:18.149173,322,1,0,0,-1,{},RTTTTT
2023-09-09 01:24:19.148446,323,1,0,0,-1,{},RTTTTT
2023-09-09 01:24:20.150483,324,1,0,0,-1,{},RTTTTT
2023-09-09 01:24:21.149348,325,1,0,0,-1,{},RTTTTT
2023-09-09 01:24:22.148770,326,1,0,0,-1,{},RTTTTT
2023-09-09 01:24:23.148938,327,1,0,0,-1,{},RTTTTT
2023-09-09 01:24:24.148340,328,1,0,0,-1,{},RTTTTT
2023-09-09 01:24:25.148317,329,1,0,0,-1,{},RTTTTT
2023-09-09 01:24:26.148075,330,1,0,0,-1,{},RTTTTT
2023-09-09 01:24:27.148805,331,1,0,0,-1,{},RTTTTT
2023-09-09 01:24:28.148596,332,1,0,0,-1,{},RTTTTT
2023-09-09 01:24:29.151769,333,1,0,0,-1,{},RTTTTT
2023-09-09 01:24:30.149767,334,1,0,0,-1,{},RTTTTT
2023-09-09 01:24:31.150102,335,1,0,0,-1,{},RTTTTT
2023-09-09 01:24:32.149759,336,1,0,0,-1,{},RTTTTT
2023-09-09 01:24:33.151739,337,1,0,0,-1,{},RTTTTT
2023-09-09 01:24:34.150121,338,1,0,0,-1,{},RTTTTT
2023-09-09 01:24:35.149949,339,1,0,0,-1,{},RTTTTT
2023-09-09 01:24:36.149649,340,1,0,0,-1,{},RTTTTT
2023-09-09 01:24:37.152618,341,1,0,0,-1,{},RTTTTT
2023-09-09 01:24:38.149901,342,1,0,0,-1,{},RTTTTT
2023-09-09 01:24:39.148786,343,1,0,0,-1,{},RTTTTT
2023-09-09 01:24:40.150366,344,1,0,0,-1,{},RTTTTT
2023-09-09 01:24:41.150703,345,1,0,0,-1,{},RTTTTT
2023-09-09 01:24:42.150108,346,1,0,0,-1,{},RTTTTT
2023-09-09 01:24:43.149763,347,1,0,0,-1,{},RTTTTT
2023-09-09 01:24:44.149946,348,1,0,0,-1,{},RTTTTT
2023-09-09 01:24:45.150268,349,1,0,0,-1,{},RTTTTT
2023-09-09 01:24:46.150128,350,1,0,0,-1,{},RTTTTT
2023-09-09 01:24:47.150779,351,1,0,0,-1,{},RTTTTT
2023-09-09 01:24:48.150189,352,1,0,0,-1,{},RTTTTT
2023-09-09 01:24:49.150878,353,1,0,0,-1,{},RTTTTT
2023-09-09 01:24:50.149022,354,1,0,0,-1,{},RTTTTT
2023-09-09 01:24:51.150082,355,1,0,0,-1,{},RTTTTT
2023-09-09 01:24:52.151497,356,1,0,0,-1,{},RTTTTT
2023-09-09 01:24:53.150579,357,1,0,0,-1,{},RTTTTT
2023-09-09 01:24:54.151561,358,1,0,0,-1,{},RTTTTT
2023-09-09 01:24:55.150475,359,1,0,0,-1,{},RTTTTT
2023-09-09 01:24:56.150694,360,1,0,0,-1,{},RTTTTT
2023-09-09 01:24:57.150102,361,1,0,0,-1,{},RTTTTT
2023-09-09 01:24:58.150207,362,1,0,0,-1,{},RTTTTT
2023-09-09 01:24:59.149092,363,1,0,0,-1,{},RTTTTT
2023-09-09 01:25:00.150628,364,1,0,0,-1,{},RTTTTT
2023-09-09 01:25:01.149332,365,1,0,0,-1,{},RTTTTT
2023-09-09 01:25:02.148630,366,1,0,0,-1,{},RTTTTT
2023-09-09 01:25:03.150726,367,1,0,0,-1,{},RTTTTT
2023-09-09 01:25:04.148702,368,1,0,0,-1,{},RTTTTT
2023-09-09 01:25:05.150747,369,1,0,0,-1,{},RTTTTT
2023-09-09 01:25:06.149680,370,1,0,0,-1,{},RTTTTT
2023-09-09 01:25:07.149366,371,1,0,0,-1,{},RTTTTT
2023-09-09 01:25:08.149871,372,1,0,0,-1,{},RTTTTT
2023-09-09 01:25:09.148965,373,1,0,0,-1,{},RTTTTT
2023-09-09 01:25:10.149726,374,1,0,0,-1,{},RTTTTT
2023-09-09 01:25:11.152842,375,1,0,0,-1,{},RTTTTT
2023-09-09 01:25:12.150792,376,1,0,0,-1,{},RTTTTT
2023-09-09 01:25:13.150666,377,1,0,0,-1,{},RTTTTT
2023-09-09 01:25:14.150086,378,1,0,0,-1,{},RTTTTT
2023-09-09 01:25:15.150367,379,1,0,0,-1,{},RTTTTT
2023-09-09 01:25:16.150327,380,1,0,0,-1,{},RTTTTT
2023-09-09 01:25:17.150179,381,1,0,0,-1,{},RTTTTT
2023-09-09 01:25:18.149086,382,1,0,0,-1,{},RTTTTT
2023-09-09 01:25:19.149748,383,1,0,0,-1,{},RTTTTT
2023-09-09 01:25:20.148500,384,1,0,0,-1,{},RTTTTT
2023-09-09 01:25:21.151393,385,1,0,0,-1,{},RTTTTT
2023-09-09 01:25:22.149911,386,1,0,0,-1,{},RTTTTT
2023-09-09 01:25:23.150347,387,1,0,0,-1,{},RTTTTT
2023-09-09 01:25:24.150080,388,1,0,0,-1,{},RTTTTT
2023-09-09 01:25:25.149301,389,1,0,0,-1,{},RTTTTT
2023-09-09 01:25:26.150419,390,1,0,0,-1,{},RTTTTT
2023-09-09 01:25:27.148881,391,1,0,0,-1,{},RTTTTT
2023-09-09 01:25:28.149124,392,1,0,0,-1,{},RTTTTT
2023-09-09 01:25:29.148817,393,1,0,0,-1,{},RTTTTT
2023-09-09 01:25:30.149968,394,1,0,0,-1,{},RTTTTT
2023-09-09 01:25:31.148808,395,1,0,0,-1,{},RTTTTT
2023-09-09 01:25:32.149117,396,1,0,0,-1,{},RTTTTT
2023-09-09 01:25:33.151101,397,1,0,0,-1,{},RTTTTT
2023-09-09 01:25:34.149560,398,1,0,0,-1,{},RTTTTT
2023-09-09 01:25:35.150363,399,1,0,0,-1,{},RTTTTT
2023-09-09 01:25:36.149009,400,1,0,0,-1,{},RTTTTT
2023-09-09 01:25:37.149864,401,1,0,0,-1,{},RTTTTT
2023-09-09 01:25:38.149073,402,1,0,0,-1,{},RTTTTT
2023-09-09 01:25:39.150132,403,1,0,0,-1,{},RTTTTT
2023-09-09 01:25:40.150729,404,1,0,0,-1,{},RTTTTT
2023-09-09 01:25:41.150139,405,1,0,0,-1,{},RTTTTT
2023-09-09 01:25:42.148887,406,1,0,0,-1,{},RTTTTT
2023-09-09 01:25:43.149366,407,1,0,0,-1,{},RTTTTT
2023-09-09 01:25:44.150022,408,1,0,0,-1,{},RTTTTT
2023-09-09 01:25:45.151897,409,1,0,0,-1,{},RTTTTT
2023-09-09 01:25:46.151618,410,1,0,0,-1,{},RTTTTT
2023-09-09 01:25:47.149261,411,1,0,0,-1,{},RTTTTT
2023-09-09 01:25:48.149006,412,1,0,0,-1,{},RTTTTT
2023-09-09 01:25:49.149235,413,1,0,0,-1,{},RTTTTT
2023-09-09 01:25:50.149804,414,1,0,0,-1,{},RTTTTT
2023-09-09 01:25:51.148936,415,1,0,0,-1,{},RTTTTT
2023-09-09 01:25:52.149604,416,1,0,0,-1,{},RTTTTT
2023-09-09 01:25:53.149228,417,1,0,0,-1,{},RTTTTT
2023-09-09 01:25:54.148684,418,1,0,0,-1,{},RTTTTT
2023-09-09 01:25:55.150631,419,1,0,0,-1,{},RTTTTT
2023-09-09 01:25:56.149104,420,1,0,0,-1,{},RTTTTT
2023-09-09 01:25:57.150001,421,1,0,0,-1,{},RTTTTT
2023-09-09 01:25:58.150233,422,1,0,0,-1,{},RTTTTT
2023-09-09 01:25:59.150687,423,1,0,0,-1,{},RTTTTT
2023-09-09 01:26:00.149054,424,1,0,0,-1,{},RTTTTT
2023-09-09 01:26:01.149289,425,1,0,0,-1,{},RTTTTT
2023-09-09 01:26:02.148470,426,1,0,0,-1,{},RTTTTT
2023-09-09 01:26:03.148989,427,1,0,0,-1,{},RTTTTT
2023-09-09 01:26:04.149284,428,1,0,0,-1,{},RTTTTT
2023-09-09 01:26:05.150688,429,1,0,0,-1,{},RTTTTT
2023-09-09 01:26:06.149900,430,1,0,0,-1,{},RTTTTT
2023-09-09 01:26:07.150266,431,1,0,0,-1,{},RTTTTT
2023-09-09 01:26:08.150062,432,1,0,0,-1,{},RTTTTT
2023-09-09 01:26:09.149810,433,1,0,0,-1,{},RTTTTT
2023-09-09 01:26:10.149792,434,1,0,0,-1,{},RTTTTT
2023-09-09 01:26:11.149134,435,1,0,0,-1,{},RTTTTT
2023-09-09 01:26:12.148824,436,1,0,0,-1,{},RTTTTT
2023-09-09 01:26:13.150433,437,1,0,0,-1,{},RTTTTT
2023-09-09 01:26:14.150681,438,1,0,0,-1,{},RTTTTT
2023-09-09 01:26:15.150580,439,1,0,0,-1,{},RTTTTT
2023-09-09 01:26:16.150343,440,1,0,0,-1,{},RTTTTT
2023-09-09 01:26:17.150782,441,1,0,0,-1,{},RTTTTT
2023-09-09 01:26:18.150858,442,1,0,0,-1,{},RTTTTT
2023-09-09 01:26:19.151074,443,1,0,0,-1,{},RTTTTT
2023-09-09 01:26:20.151219,444,1,0,0,-1,{},RTTTTT
2023-09-09 01:26:21.151203,445,1,0,0,-1,{},RTTTTT
2023-09-09 01:26:22.151019,446,1,0,0,-1,{},RTTTTT
2023-09-09 01:26:23.150411,447,1,0,0,-1,{},RTTTTT
2023-09-09 01:26:24.150446,448,1,0,0,-1,{},RTTTTT
2023-09-09 01:26:25.151670,449,1,0,0,-1,{},RTTTTT
2023-09-09 01:26:26.149244,450,1,0,0,-1,{},RTTTTT
2023-09-09 01:26:27.150335,451,1,0,0,-1,{},RTTTTT
2023-09-09 01:26:28.150090,452,1,0,0,-1,{},RTTTTT
2023-09-09 01:26:29.150659,453,1,0,0,-1,{},RTTTTT
2023-09-09 01:26:30.150640,454,1,0,0,-1,{},RTTTTT
2023-09-09 01:26:31.150766,455,1,0,0,-1,{},RTTTTT
2023-09-09 01:26:32.148191,456,1,0,0,-1,{},RTTTTT
2023-09-09 01:26:33.148599,457,1,0,0,-1,{},RTTTTT
2023-09-09 01:26:34.148537,458,1,0,0,-1,{},RTTTTT
2023-09-09 01:26:35.148712,459,1,0,0,-1,{},RTTTTT
2023-09-09 01:26:36.150134,460,1,0,0,-1,{},RTTTTT
2023-09-09 01:26:37.149971,461,1,0,0,-1,{},RTTTTT
2023-09-09 01:26:38.148412,462,1,0,0,-1,{},RTTTTT
2023-09-09 01:26:39.149099,463,1,0,0,-1,{},RTTTTT
2023-09-09 01:26:40.148472,464,1,0,0,-1,{},RTTTTT
2023-09-09 01:26:41.149288,465,1,0,0,-1,{},RTTTTT
2023-09-09 01:26:42.149150,466,1,0,0,-1,{},RTTTTT
2023-09-09 01:26:43.149192,467,1,0,0,-1,{},RTTTTT
2023-09-09 01:26:44.148645,468,1,0,0,-1,{},RTTTTT
2023-09-09 01:26:45.149752,469,1,0,0,-1,{},RTTTTT
2023-09-09 01:26:46.148921,470,1,0,0,-1,{},RTTTTT
2023-09-09 01:26:47.150667,471,1,0,0,-1,{},RTTTTT
2023-09-09 01:26:48.149961,472,1,0,0,-1,{},RTTTTT
2023-09-09 01:26:49.151600,473,1,0,0,-1,{},RTTTTT
2023-09-09 01:26:50.152042,474,1,0,0,-1,{},RTTTTT
2023-09-09 01:26:51.149108,475,1,0,0,-1,{},RTTTTT
2023-09-09 01:26:52.149979,476,1,0,0,-1,{},RTTTTT
2023-09-09 01:26:53.149694,477,1,0,0,-1,{},RTTTTT
2023-09-09 01:26:54.148972,478,1,0,0,-1,{},RTTTTT
2023-09-09 01:26:55.150245,479,1,0,0,-1,{},RTTTTT
2023-09-09 01:26:56.149160,480,1,0,0,-1,{},RTTTTT
2023-09-09 01:26:57.148959,481,1,0,0,-1,{},RTTTTT
2023-09-09 01:26:58.150398,482,1,0,0,-1,{},RTTTTT
2023-09-09 01:26:59.149325,483,1,0,0,-1,{},RTTTTT
2023-09-09 01:27:00.148584,484,1,0,0,-1,{},RTTTTT
2023-09-09 01:27:01.148838,485,1,0,0,-1,{},RTTTTT
2023-09-09 01:27:02.148402,486,1,0,0,-1,{},RTTTTT
2023-09-09 01:27:03.149314,487,1,0,0,-1,{},RTTTTT
2023-09-09 01:27:04.148075,488,1,0,0,-1,{},RTTTTT
2023-09-09 01:27:05.148952,489,1,0,0,-1,{},RTTTTT
2023-09-09 01:27:06.149286,490,1,0,0,-1,{},RTTTTT
2023-09-09 01:27:07.149224,491,1,0,0,-1,{},RTTTTT
2023-09-09 01:27:08.149566,492,1,0,0,-1,{},RTTTTT
2023-09-09 01:27:09.149051,493,1,0,0,-1,{},RTTTTT
2023-09-09 01:27:10.148451,494,1,0,0,-1,{},RTTTTT
2023-09-09 01:27:11.149795,495,1,0,0,-1,{},RTTTTT
2023-09-09 01:27:12.149159,496,1,0,0,-1,{},RTTTTT
2023-09-09 01:27:13.148577,497,1,0,0,-1,{},RTTTTT
2023-09-09 01:27:14.150834,498,1,0,0,-1,{},RTTTTT
2023-09-09 01:27:15.150494,499,1,0,0,-1,{},RTTTTT
2023-09-09 01:27:16.150353,500,1,0,0,-1,{},RTTTTT
2023-09-09 01:27:17.149729,501,1,0,0,-1,{},RTTTTT
2023-09-09 01:27:18.149255,502,1,0,0,-1,{},RTTTTT
2023-09-09 01:27:19.150244,503,1,0,0,-1,{},RTTTTT
2023-09-09 01:27:20.150913,504,1,0,0,-1,{},RTTTTT
2023-09-09 01:27:21.150182,505,1,0,0,-1,{},RTTTTT
2023-09-09 01:27:22.151375,506,1,0,0,-1,{},RTTTTT
2023-09-09 01:27:23.151052,507,1,0,0,-1,{},RTTTTT
2023-09-09 01:27:24.150416,508,1,0,0,-1,{},RTTTTT
2023-09-09 01:27:25.149508,509,1,0,0,-1,{},RTTTTT
2023-09-09 01:27:26.150933,510,1,0,0,-1,{},RTTTTT
2023-09-09 01:27:27.150575,511,1,0,0,-1,{},RTTTTT
2023-09-09 01:27:28.149687,512,1,0,0,-1,{},RTTTTT
2023-09-09 01:27:29.149320,513,1,0,0,-1,{},RTTTTT
2023-09-09 01:27:30.150660,514,1,0,0,-1,{},RTTTTT
2023-09-09 01:27:31.150024,515,1,0,0,-1,{},RTTTTT
2023-09-09 01:27:32.149555,516,1,0,0,-1,{},RTTTTT
2023-09-09 01:27:33.148911,517,1,0,0,-1,{},RTTTTT
2023-09-09 01:27:34.150342,518,1,0,0,-1,{},RTTTTT
2023-09-09 01:27:35.151811,519,1,0,0,-1,{},RTTTTT
2023-09-09 01:27:36.150956,520,1,0,0,-1,{},RTTTTT
2023-09-09 01:27:37.149726,521,1,0,0,-1,{},RTTTTT
2023-09-09 01:27:38.151061,522,1,0,0,-1,{},RTTTTT
2023-09-09 01:27:39.150571,523,1,0,0,-1,{},RTTTTT
2023-09-09 01:27:40.150683,524,1,0,0,-1,{},RTTTTT
2023-09-09 01:27:41.150105,525,1,0,0,-1,{},RTTTTT
2023-09-09 01:27:42.150816,526,1,0,0,-1,{},RTTTTT
2023-09-09 01:27:43.150897,527,1,0,0,-1,{},RTTTTT
2023-09-09 01:27:44.150536,528,1,0,0,-1,{},RTTTTT
2023-09-09 01:27:45.149323,529,1,0,0,-1,{},RTTTTT
2023-09-09 01:27:46.150383,530,1,0,0,-1,{},RTTTTT
2023-09-09 01:27:47.151502,531,1,0,0,-1,{},RTTTTT
2023-09-09 01:27:48.148374,532,1,0,0,-1,{},RTTTTT
2023-09-09 01:27:49.149066,533,1,0,0,-1,{},RTTTTT
2023-09-09 01:27:50.149326,534,1,0,0,-1,{},RTTTTT
2023-09-09 01:27:51.150092,535,1,0,0,-1,{},RTTTTT
2023-09-09 01:27:52.150109,536,1,0,0,-1,{},RTTTTT
2023-09-09 01:27:53.149155,537,1,0,0,-1,{},RTTTTT
2023-09-09 01:27:54.149716,538,1,0,0,-1,{},RTTTTT
2023-09-09 01:27:55.148579,539,1,0,0,-1,{},RTTTTT
2023-09-09 01:27:56.151040,540,1,0,0,-1,{},RTTTTT
2023-09-09 01:27:57.149085,541,1,0,0,-1,{},RTTTTT
2023-09-09 01:27:58.149175,542,1,0,0,-1,{},RTTTTT
2023-09-09 01:27:59.148060,543,1,0,0,-1,{},RTTTTT
2023-09-09 01:28:00.148156,544,1,0,0,-1,{},RTTTTT
2023-09-09 01:28:01.150172,545,1,0,0,-1,{},RTTTTT
2023-09-09 01:28:02.148281,546,1,0,0,-1,{},RTTTTT
2023-09-09 01:28:03.148586,547,1,0,0,-1,{},RTTTTT
2023-09-09 01:28:04.150034,548,1,0,0,-1,{},RTTTTT
2023-09-09 01:28:05.149710,549,1,0,0,-1,{},RTTTTT
2023-09-09 01:28:06.149279,550,1,0,0,-1,{},RTTTTT
2023-09-09 01:28:07.148832,551,1,0,0,-1,{},RTTTTT
2023-09-09 01:28:08.149306,552,1,0,0,-1,{},RTTTTT
2023-09-09 01:28:09.150746,553,1,0,0,-1,{},RTTTTT
2023-09-09 01:28:10.149708,554,1,0,0,-1,{},RTTTTT
2023-09-09 01:28:11.149949,555,1,0,0,-1,{},RTTTTT
2023-09-09 01:28:12.149015,556,1,0,0,-1,{},RTTTTT
2023-09-09 01:28:13.148300,557,1,0,0,-1,{},RTTTTT
2023-09-09 01:28:14.149903,558,1,0,0,-1,{},RTTTTT
2023-09-09 01:28:15.150400,559,1,0,0,-1,{},RTTTTT
2023-09-09 01:28:16.150495,560,1,0,0,-1,{},RTTTTT
2023-09-09 01:28:17.149894,561,1,0,0,-1,{},RTTTTT
2023-09-09 01:28:18.150030,562,1,0,0,-1,{},RTTTTT
2023-09-09 01:28:19.148919,563,1,0,0,-1,{},RTTTTT
2023-09-09 01:28:20.148869,564,1,0,0,-1,{},RTTTTT
2023-09-09 01:28:21.150531,565,1,0,0,-1,{},RTTTTT
2023-09-09 01:28:22.149060,566,1,0,0,-1,{},RTTTTT
2023-09-09 01:28:23.150136,567,1,0,0,-1,{},RTTTTT
2023-09-09 01:28:24.149013,568,1,0,0,-1,{},RTTTTT
2023-09-09 01:28:25.149036,569,1,0,0,-1,{},RTTTTT
2023-09-09 01:28:26.148713,570,1,0,0,-1,{},RTTTTT
2023-09-09 01:28:27.149151,571,1,0,0,-1,{},RTTTTT
2023-09-09 01:28:28.148690,572,1,0,0,-1,{},RTTTTT
2023-09-09 01:28:29.148413,573,1,0,0,-1,{},RTTTTT
2023-09-09 01:28:30.149701,574,1,0,0,-1,{},RTTTTT
2023-09-09 01:28:31.149018,575,1,0,0,-1,{},RTTTTT
2023-09-09 01:28:32.149093,576,1,0,0,-1,{},RTTTTT
2023-09-09 01:28:33.148824,577,1,0,0,-1,{},RTTTTT
2023-09-09 01:28:34.149204,578,1,0,0,-1,{},RTTTTT
2023-09-09 01:28:35.149252,579,1,0,0,-1,{},RTTTTT
2023-09-09 01:28:36.149220,580,1,0,0,-1,{},RTTTTT
2023-09-09 01:28:37.148604,581,1,0,0,-1,{},RTTTTT
2023-09-09 01:28:38.149087,582,1,0,0,-1,{},RTTTTT
2023-09-09 01:28:39.148614,583,1,0,0,-1,{},RTTTTT
2023-09-09 01:28:40.150326,584,1,0,0,-1,{},RTTTTT
2023-09-09 01:28:41.148802,585,1,0,0,-1,{},RTTTTT
2023-09-09 01:28:42.149798,586,1,0,0,-1,{},RTTTTT
2023-09-09 01:28:43.149988,587,1,0,0,-1,{},RTTTTT
2023-09-09 01:28:44.149843,588,1,0,0,-1,{},RTTTTT
2023-09-09 01:28:45.150656,589,1,0,0,-1,{},RTTTTT
2023-09-09 01:28:46.149533,590,1,0,0,-1,{},RTTTTT
2023-09-09 01:28:47.148977,591,1,0,0,-1,{},RTTTTT
2023-09-09 01:28:48.150605,592,1,0,0,-1,{},RTTTTT
2023-09-09 01:28:49.149983,593,1,0,0,-1,{},RTTTTT
2023-09-09 01:28:50.151828,594,1,0,0,-1,{},RTTTTT
2023-09-09 01:28:51.149732,595,1,0,0,-1,{},RTTTTT
2023-09-09 01:28:52.150098,596,1,0,0,-1,{},RTTTTT
2023-09-09 01:28:53.149181,597,1,0,0,-1,{},HRTTTT
2023-09-09 01:28:54.148801,598,1,0,0,-1,{},RTTTTT
2023-09-09 01:28:55.148753,599,1,0,0,-1,{},RTTTTT
